# .PCD v0.7 - Point Cloud Data file format
VERSION 0.7
FIELDS x y z rgb
SIZE 4 4 4 4
TYPE F F F U
COUNT 1 1 1 1
WIDTH 3245
HEIGHT 1
VIEWPOINT 0 0 0 1 0 0 0
POINTS 3245
DATA ascii
-0.5266 -0.4404 -1.0333 4294901760
-0.5266 -0.3904 -1.0333 4294901760
-0.5266 -0.3404 -1.0333 4294901760
-0.5266 -0.2904 -1.0333 4294901760
-0.5266 -0.2404 -1.0333 4294901760
-0.5266 -0.1904 -1.0333 4294901760
-0.5266 -0.1404 -1.0333 4294901760
-0.5266 -0.0904 -1.0333 4294901760
-0.5266 0.0096 -1.0333 4294901760
-0.5266 0.0596 -1.0333 4294901760
-0.5266 0.1096 -1.0333 4294901760
-0.5266 0.1596 -1.0333 4294901760
-0.5266 0.2096 -1.0333 4294901760
-0.5266 0.2596 -1.0333 4294901760
-0.5266 0.3096 -1.0333 4294901760
-0.5266 0.3596 -1.0333 4294901760
-0.5266 0.4096 -1.0333 4294901760
-0.5266 0.4596 -1.0333 4294901760
-0.5266 0.5096 -1.0333 4294901760
-0.5266 0.5596 -1.0333 4294901760
-0.5266 0.6096 -1.0333 4294901760
-0.5266 0.6596 -1.0333 4294901760
-0.5266 0.7096 -1.0333 4294901760
-0.5266 0.7596 -1.0333 4294901760
-0.5266 0.8096 -1.0333 4294901760
-0.5266 0.8596 -1.0333 4294901760
-0.5266 0.9096 -1.0333 4294901760
-0.5266 0.9596 -1.0333 4294901760
-0.5266 1.0096 -1.0333 4294901760
-0.5266 1.0596 -1.0333 4294901760
-0.5266 1.1096 -1.0333 4294901760
-0.5266 1.1596 -1.0333 4294901760
-0.5266 1.2096 -1.0333 4294901760
-0.5266 1.2596 -1.0333 4294901760
-0.5266 1.3096 -1.0333 4294901760
-0.5266 1.3596 -1.1514 4278255360
-0.5266 1.4096 -1.1595 4278255360
-0.5266 1.4596 -1.0333 4294901760
-0.5266 1.5096 -1.0333 4294901760
-0.5266 1.5596 -1.1630 4278255360
-0.5266 1.6096 -1.0333 4294901760
-0.5266 1.6596 -1.0333 4294901760
-0.5266 1.7096 -1.0333 4294901760
-0.5266 1.7596 -1.0333 4294901760
-0.5266 1.8096 -1.1498 4278255360
-0.5266 1.8596 -1.0333 4294901760
-0.5266 1.9096 -1.1493 4278255360
-0.5266 1.9596 -1.0333 4294901760
-0.5266 2.0096 -1.0333 4294901760
-0.4766 -0.4404 -1.1400 4278255360
-0.4766 -0.3904 -1.1597 4278255360
-0.4766 -0.3404 -1.1546 4278255360
-0.4766 -0.2904 -1.1491 4278255360
-0.4766 -0.2404 -1.0333 4294901760
-0.4766 -0.1904 -1.0333 4294901760
-0.4766 -0.1404 -1.0333 4294901760
-0.4766 -0.0904 -1.1380 4278255360
-0.4766 -0.0404 -1.1340 4278255360
-0.4766 0.0096 -1.1464 4278255360
-0.4766 0.0596 -1.0333 4294901760
-0.4766 0.1096 -1.1507 4278255360
-0.4766 0.1596 -1.1554 4278255360
-0.4766 0.2096 -1.1394 4278255360
-0.4766 0.2596 -1.1403 4278255360
-0.4766 0.3096 -1.1455 4278255360
-0.4766 0.3596 -1.1557 4278255360
-0.4766 0.4096 -1.1521 4278255360
-0.4766 0.4596 -1.1469 4278255360
-0.4766 0.5096 -1.1544 4278255360
-0.4766 0.5596 -1.1436 4278255360
-0.4766 0.6096 -1.1564 4278255360
-0.4766 0.6596 -1.1476 4278255360
-0.4766 0.7096 -1.1583 4278255360
-0.4766 0.7596 -1.1307 4278255360
-0.4766 0.8596 -1.1524 4278255360
-0.4766 0.9096 -1.1257 4278255360
-0.4766 0.9596 -1.1504 4278255360
-0.4766 1.0096 -1.1158 4278255360
-0.4766 1.0596 -1.1328 4278255360
-0.4766 1.1096 -1.1252 4278255360
-0.4766 1.1596 -1.1517 4278255360
-0.4766 1.2096 -1.1287 4278255360
-0.4766 1.2596 -1.1311 4278255360
-0.4766 1.3096 -1.1435 4278255360
-0.4766 1.3596 -1.1516 4278255360
-0.4766 1.4096 -1.1430 4278255360
-0.4766 1.4596 -1.1614 4278255360
-0.4766 1.5096 -1.1411 4278255360
-0.4766 1.5596 -1.1523 4278255360
-0.4766 1.6096 -1.1294 4278255360
-0.4766 1.6596 -1.1190 4278255360
-0.4766 1.7096 -1.1471 4278255360
-0.4766 1.7596 -1.1488 4278255360
-0.4766 1.8096 -1.1540 4278255360
-0.4766 1.8596 -1.1416 4278255360
-0.4766 1.9096 -1.1255 4278255360
-0.4766 1.9596 -1.1437 4278255360
-0.4766 2.0096 -1.1095 4278255360
-0.4266 -0.4404 -1.1140 4278255360
-0.4266 -0.3904 -1.1162 4278255360
-0.4266 -0.3404 -1.1190 4278255360
-0.4266 -0.2404 -1.1241 4278255360
-0.4266 -0.1904 -1.1406 4278255360
-0.4266 -0.1404 -1.1242 4278255360
-0.4266 -0.0904 -1.1480 4278255360
-0.4266 -0.0404 -1.1142 4278255360
-0.4266 0.0096 -1.1147 4278255360
-0.4266 0.0596 -1.1188 4278255360
-0.4266 0.1096 -1.0978 4278255360
-0.4266 0.1596 -1.0993 4278255360
-0.4266 0.2096 -1.1278 4278255360
-0.4266 0.2596 -1.1285 4278255360
-0.4266 0.3596 -1.1032 4278255360
-0.4266 0.4096 -1.0951 4278255360
-0.4266 0.4596 -1.1201 4278255360
-0.4266 0.5096 -1.1321 4278255360
-0.4266 0.5596 -1.1204 4278255360
-0.4266 0.6096 -1.0970 4278255360
-0.4266 0.6596 -1.1056 4278255360
-0.4266 0.7096 -1.1123 4278255360
-0.4266 0.7596 -1.1309 4278255360
-0.4266 0.8096 -1.1027 4278255360
-0.4266 0.8596 -1.1448 4278255360
-0.4266 0.9096 -1.1238 4278255360
-0.4266 0.9596 -1.1246 4278255360
-0.4266 1.0096 -1.1206 4278255360
-0.4266 1.1096 -1.0989 4278255360
-0.4266 1.1596 -1.1131 4278255360
-0.4266 1.2096 -1.1354 4278255360
-0.4266 1.3096 -1.1279 4278255360
-0.4266 1.3596 -1.1255 4278255360
-0.4266 1.4096 -1.0984 4278255360
-0.4266 1.4596 -1.1155 4278255360
-0.4266 1.5096 -1.0855 4278255360
-0.4266 1.5596 -1.1060 4278255360
-0.4266 1.6096 -1.0976 4278255360
-0.4266 1.6596 -1.1139 4278255360
-0.4266 1.7096 -1.0987 4278255360
-0.4266 1.7596 -1.1001 4278255360
-0.4266 1.8096 -1.1069 4278255360
-0.4266 1.8596 -1.0884 4278255360
-0.4266 1.9596 -1.1140 4278255360
-0.4266 2.0096 -1.1199 4278255360
-0.4266 3.2596 0.4140 4278255360
-0.3766 -0.4404 -1.0811 4278255360
-0.3766 -0.3404 -1.0881 4278255360
-0.3766 -0.2904 -1.0789 4278255360
-0.3766 -0.2404 -1.0920 4278255360
-0.3766 -0.1904 -1.1058 4278255360
-0.3766 -0.1404 -1.1051 4278255360
-0.3766 -0.0904 -1.0765 4278255360
-0.3766 -0.0404 -1.0939 4278255360
-0.3766 0.0096 -1.1068 4278255360
-0.3766 0.0596 -1.0684 4278255360
-0.3766 0.1096 -1.0797 4278255360
-0.3766 0.1596 -1.0805 4278255360
-0.3766 0.2096 -1.0729 4278255360
-0.3766 0.2596 -1.0953 4278255360
-0.3766 0.3096 -1.1009 4278255360
-0.3766 0.3596 -1.0963 4278255360
-0.3766 0.4096 -1.0886 4278255360
-0.3766 0.4596 -1.0867 4278255360
-0.3766 0.5096 -1.0942 4278255360
-0.3766 0.5596 -1.0938 4278255360
-0.3766 0.6096 -1.1041 4278255360
-0.3766 0.6596 -1.0879 4278255360
-0.3766 0.7096 -1.0785 4278255360
-0.3766 0.7596 -1.0742 4278255360
-0.3766 0.8596 -1.0796 4278255360
-0.3766 0.9096 -1.0939 4278255360
-0.3766 0.9596 -1.0720 4278255360
-0.3766 1.1096 -1.0701 4278255360
-0.3766 1.1596 -1.0725 4278255360
-0.3766 1.2096 -1.0826 4278255360
-0.3766 1.2596 -1.0661 4278255360
-0.3766 1.3096 -1.0819 4278255360
-0.3766 1.3596 -1.0921 4278255360
-0.3766 1.4096 -1.0857 4278255360
-0.3766 1.5096 -1.0703 4278255360
-0.3766 1.5596 -1.0680 4278255360
-0.3766 1.6096 -1.0730 4278255360
-0.3766 1.6596 -1.0603 4278255360
-0.3766 1.7096 -1.0721 4278255360
-0.3766 1.7596 -1.0743 4278255360
-0.3766 1.8096 -1.0668 4278255360
-0.3766 1.9096 -1.0665 4278255360
-0.3766 1.9596 -1.0643 4278255360
-0.3766 2.0096 -1.0682 4278255360
-0.3766 3.2096 0.3886 4278255360
-0.3766 3.2596 0.3968 4278255360
-0.3266 -0.4404 -1.0516 4278255360
-0.3266 -0.3404 -1.0548 4278255360
-0.3266 -0.2404 -1.0786 4278255360
-0.3266 -0.1404 -1.0415 4278255360
-0.3266 -0.0904 -1.0577 4278255360
-0.3266 -0.0404 -1.0564 4278255360
-0.3266 0.0096 -1.0704 4278255360
-0.3266 0.1096 -1.0495 4278255360
-0.3266 0.1596 -1.0454 4278255360
-0.3266 0.2096 -1.0478 4278255360
-0.3266 0.2596 -1.0541 4278255360
-0.3266 0.3096 -1.0462 4278255360
-0.3266 0.3596 -1.0478 4278255360
-0.3266 0.4096 -1.0394 4278255360
-0.3266 0.4596 -1.0439 4278255360
-0.3266 0.5096 -1.0513 4278255360
-0.3266 0.5596 -1.0702 4278255360
-0.3266 0.6096 -1.0674 4278255360
-0.3266 0.6596 -1.0429 4278255360
-0.3266 0.7596 -1.0609 4278255360
-0.3266 0.8096 -1.0493 4278255360
-0.3266 0.8596 -1.0442 4278255360
-0.3266 0.9096 -1.0500 4278255360
-0.3266 0.9596 -1.0722 4278255360
-0.3266 1.0096 -1.0538 4278255360
-0.3266 1.1096 -1.0387 4278255360
-0.3266 1.2096 -1.0493 4278255360
-0.3266 1.3096 -1.0478 4278255360
-0.3266 1.3596 -1.0565 4278255360
-0.3266 1.5096 -1.0550 4278255360
-0.3266 1.5596 -1.0528 4278255360
-0.3266 1.6096 -1.0661 4278255360
-0.3266 1.6596 -1.0417 4278255360
-0.3266 1.7096 -1.0464 4278255360
-0.3266 1.7596 -1.0465 4278255360
-0.3266 1.8096 -1.0562 4278255360
-0.3266 1.8596 -1.0329 4278255360
-0.3266 1.9096 -1.0378 4278255360
-0.3266 1.9596 -1.0301 4278255360
-0.3266 2.0096 -1.0428 4278255360
-0.2766 -0.4404 -1.0199 4278255360
-0.2766 -0.3404 -1.0252 4278255360
-0.2766 -0.2904 -1.0218 4278255360
-0.2766 -0.2404 -1.0441 4278255360
-0.2766 -0.1904 -1.0413 4278255360
-0.2766 -0.1404 -1.0098 4278255360
-0.2766 -0.0404 -1.0037 4278255360
-0.2766 0.0096 -1.0443 4278255360
-0.2766 0.0596 -1.0309 4278255360
-0.2766 0.1096 -1.0055 4278255360
-0.2766 0.1596 -1.0197 4278255360
-0.2766 0.2096 -1.0197 4278255360
-0.2766 0.3096 -1.0378 4278255360
-0.2766 0.4596 -1.0121 4278255360
-0.2766 0.5096 -1.0322 4278255360
-0.2766 0.5596 -1.0151 4278255360
-0.2766 0.6596 -1.0334 4278255360
-0.2766 0.7096 -1.0414 4278255360
-0.2766 0.7596 -1.0470 4278255360
-0.2766 0.8096 -1.0527 4278255360
-0.2766 0.8596 -1.0232 4278255360
-0.2766 0.9096 -1.0177 4278255360
-0.2766 0.9596 -1.0290 4278255360
-0.2766 1.0596 -1.0315 4278255360
-0.2766 1.1596 -1.0081 4278255360
-0.2766 1.2096 -1.0342 4278255360
-0.2766 1.2596 -1.0379 4278255360
-0.2766 1.3096 -1.0325 4278255360
-0.2766 1.3596 -1.0489 4278255360
-0.2766 1.4096 -1.0097 4278255360
-0.2766 1.4596 -1.0005 4278255360
-0.2766 1.5096 -1.0107 4278255360
-0.2766 1.5596 -1.0214 4278255360
-0.2766 1.6096 -1.0177 4278255360
-0.2766 1.6596 -1.0327 4278255360
-0.2766 1.7096 -1.0062 4278255360
-0.2766 1.7596 -1.0350 4278255360
-0.2766 1.8096 -1.0303 4278255360
-0.2766 1.8596 -0.9993 4278255360
-0.2766 1.9096 -1.0210 4278255360
-0.2766 1.9596 -0.9937 4278255360
-0.2766 2.0096 -1.0051 4278255360
-0.2266 -0.4404 -1.0001 4278255360
-0.2266 -0.3904 -0.9895 4278255360
-0.2266 -0.3404 -1.0003 4278255360
-0.2266 -0.2904 -1.0136 4278255360
-0.2266 -0.2404 -0.9899 4278255360
-0.2266 -0.1904 -0.9863 4278255360
-0.2266 -0.0904 -1.0041 4278255360
-0.2266 -0.0404 -0.9958 4278255360
-0.2266 0.0096 -1.0083 4278255360
-0.2266 0.0596 -0.9862 4278255360
-0.2266 0.1096 -0.9695 4278255360
-0.2266 0.1596 -0.9932 4278255360
-0.2266 0.2096 -1.0113 4278255360
-0.2266 0.2596 -1.0024 4278255360
-0.2266 0.3096 -1.0060 4278255360
-0.2266 0.3596 -0.9825 4278255360
-0.2266 0.4096 -1.0041 4278255360
-0.2266 0.4596 -1.0073 4278255360
-0.2266 0.5096 -0.9931 4278255360
-0.2266 0.5596 -1.0177 4278255360
-0.2266 0.6096 -0.9938 4278255360
-0.2266 0.6596 -0.9990 4278255360
-0.2266 0.7096 -0.9973 4278255360
-0.2266 0.7596 -1.0054 4278255360
-0.2266 0.8096 -0.9780 4278255360
-0.2266 0.8596 -1.0045 4278255360
-0.2266 0.9596 -1.0033 4278255360
-0.2266 1.0096 -1.0015 4278255360
-0.2266 1.0596 -0.9840 4278255360
-0.2266 1.1096 -0.9935 4278255360
-0.2266 1.1596 -0.9962 4278255360
-0.2266 1.2096 -1.0022 4278255360
-0.2266 1.2596 -1.0035 4278255360
-0.2266 1.3096 -1.0069 4278255360
-0.2266 1.4596 -0.9681 4278255360
-0.2266 1.5096 -0.9882 4278255360
-0.2266 1.5596 -0.9989 4278255360
-0.2266 1.6096 -0.9966 4278255360
-0.2266 1.6596 -0.9720 4278255360
-0.2266 1.7096 -0.9781 4278255360
-0.2266 1.7596 -0.9961 4278255360
-0.2266 1.8596 -0.9880 4278255360
-0.2266 1.9096 -0.9738 4278255360
-0.2266 1.9596 -0.9605 4278255360
-0.2266 2.0096 -0.9615 4278255360
-0.1766 -0.4404 -0.9600 4278255360
-0.1766 -0.3404 -0.9660 4278255360
-0.1766 -0.2904 -0.9849 4278255360
-0.1766 -0.1904 -0.9825 4278255360
-0.1766 -0.0904 -0.9612 4278255360
-0.1766 -0.0404 -0.9888 4278255360
-0.1766 0.0096 -0.9589 4278255360
-0.1766 0.0596 -0.9521 4278255360
-0.1766 0.1096 -0.9479 4278255360
-0.1766 0.1596 -0.9602 4278255360
-0.1766 0.2096 -0.9661 4278255360
-0.1766 0.2596 -0.9473 4278255360
-0.1766 0.3096 -0.9421 4278255360
-0.1766 0.3596 -0.9378 4278255360
-0.1766 0.4096 -0.9533 4278255360
-0.1766 0.4596 -0.9662 4278255360
-0.1766 0.5096 -0.9538 4278255360
-0.1766 0.6096 -0.9469 4278255360
-0.1766 0.6596 -0.9559 4278255360
-0.1766 0.7096 -0.9606 4278255360
-0.1766 0.7596 -0.9705 4278255360
-0.1766 0.8096 -0.9538 4278255360
-0.1766 0.9096 -0.9906 4278255360
-0.1766 0.9596 -0.9468 4278255360
-0.1766 1.0096 -0.9540 4278255360
-0.1766 1.0596 -0.9588 4278255360
-0.1766 1.1096 -0.9544 4278255360
-0.1766 1.1596 -0.9659 4278255360
-0.1766 1.2096 -0.9500 4278255360
-0.1766 1.2596 -0.9648 4278255360
-0.1766 1.3096 -0.9746 4278255360
-0.1766 1.3596 -0.9679 4278255360
-0.1766 1.4096 -0.9705 4278255360
-0.1766 1.4596 -0.9520 4278255360
-0.1766 1.5096 -0.9700 4278255360
-0.1766 1.5596 -0.9635 4278255360
-0.1766 1.6096 -0.9332 4278255360
-0.1766 1.6596 -0.9522 4278255360
-0.1766 1.7096 -0.9575 4278255360
-0.1766 1.8096 -0.9596 4278255360
-0.1766 1.8596 -0.9362 4278255360
-0.1766 1.9096 -0.9226 4278255360
-0.1766 1.9596 -0.9430 4278255360
-0.1766 2.0096 -0.9422 4278255360
-0.1266 -0.4404 -0.9392 4278255360
-0.1266 -0.3404 -0.9493 4278255360
-0.1266 -0.2904 -0.9293 4278255360
-0.1266 -0.2404 -0.9295 4278255360
-0.1266 -0.1904 -0.9230 4278255360
-0.1266 -0.0904 -0.9394 4278255360
-0.1266 -0.0404 -0.9349 4278255360
-0.1266 0.0096 -0.9361 4278255360
-0.1266 0.1096 -0.9072 4278255360
-0.1266 0.1596 -0.9454 4278255360
-0.1266 0.2096 -0.9166 4278255360
-0.1266 0.2596 -0.9518 4278255360
-0.1266 0.3596 -0.9187 4278255360
-0.1266 0.4096 -0.9185 4278255360
-0.1266 0.4596 -0.9257 4278255360
-0.1266 0.5096 -0.9644 4278255360
-0.1266 0.5596 -0.9274 4278255360
-0.1266 0.6096 -0.9079 4278255360
-0.1266 0.6596 -0.9478 4278255360
-0.1266 0.7096 -0.9726 4278255360
-0.1266 0.7596 -0.9293 4278255360
-0.1266 0.8596 -0.9506 4278255360
-0.1266 0.9096 -0.9331 4278255360
-0.1266 1.0096 -0.9393 4278255360
-0.1266 1.0596 -0.9104 4278255360
-0.1266 1.1096 -0.9320 4278255360
-0.1266 1.1596 -0.9223 4278255360
-0.1266 1.2096 -0.9312 4278255360
-0.1266 1.2596 -0.9428 4278255360
-0.1266 1.3596 -0.9256 4278255360
-0.1266 1.4096 -0.9318 4278255360
-0.1266 1.5096 -0.9275 4278255360
-0.1266 1.5596 -0.9295 4278255360
-0.1266 1.6096 -0.9190 4278255360
-0.1266 1.6596 -0.9122 4278255360
-0.1266 1.7096 -0.9224 4278255360
-0.1266 1.7596 -0.9264 4278255360
-0.1266 1.8096 -0.9077 4278255360
-0.1266 1.8596 -0.8991 4278255360
-0.1266 1.9096 -0.9172 4278255360
-0.1266 1.9596 -0.9068 4278255360
-0.1266 2.0096 -0.9102 4278255360
-0.0766 -0.3904 -0.9152 4278255360
-0.0766 -0.3404 -0.9177 4278255360
-0.0766 -0.2904 -0.8848 4278255360
-0.0766 -0.1404 -0.8983 4278255360
-0.0766 -0.0404 -0.9088 4278255360
-0.0766 0.0096 -0.8825 4278255360
-0.0766 0.1096 -0.8863 4278255360
-0.0766 0.1596 -0.9261 4278255360
-0.0766 0.2096 -0.8943 4278255360
-0.0766 0.2596 -0.9055 4278255360
-0.0766 0.3096 -0.8718 4278255360
-0.0766 0.3596 -0.9034 4278255360
-0.0766 0.4096 -0.8917 4278255360
-0.0766 0.4596 -0.9027 4278255360
-0.0766 0.5096 -0.8943 4278255360
-0.0766 0.5596 -0.8779 4278255360
-0.0766 0.6096 -0.8871 4278255360
-0.0766 0.7096 -0.8934 4278255360
-0.0766 0.7596 -0.8799 4278255360
-0.0766 0.8096 -0.9204 4278255360
-0.0766 0.8596 -0.9000 4278255360
-0.0766 0.9596 -0.8955 4278255360
-0.0766 1.0096 -0.8809 4278255360
-0.0766 1.0596 -0.9118 4278255360
-0.0766 1.1096 -0.8938 4278255360
-0.0766 1.2096 -0.9210 4278255360
-0.0766 1.3596 -0.9030 4278255360
-0.0766 1.4596 -0.8807 4278255360
-0.0766 1.5096 -0.8831 4278255360
-0.0766 1.5596 -0.9004 4278255360
-0.0766 1.6096 -0.8665 4278255360
-0.0766 1.7096 -0.8820 4278255360
-0.0766 1.7596 -0.8645 4278255360
-0.0766 1.8096 -0.9058 4278255360
-0.0766 1.8596 -0.8849 4278255360
-0.0766 1.9596 -0.8879 4278255360
-0.0766 2.0096 -0.8782 4278255360
-0.0266 -0.3904 -0.8814 4278255360
-0.0266 -0.3404 -0.8639 4278255360
-0.0266 -0.2904 -0.8690 4278255360
-0.0266 -0.1404 -0.8564 4278255360
-0.0266 -0.0904 -0.8933 4278255360
-0.0266 -0.0404 -0.8739 4278255360
-0.0266 0.0096 -0.8769 4278255360
-0.0266 0.0596 -0.8460 4278255360
-0.0266 0.1096 -0.8546 4278255360
-0.0266 0.1596 -0.8666 4278255360
-0.0266 0.2096 -0.8564 4278255360
-0.0266 0.2596 -0.8526 4278255360
-0.0266 0.3096 -0.8731 4278255360
-0.0266 0.3596 -0.8857 4278255360
-0.0266 0.4096 -0.8644 4278255360
-0.0266 0.4596 -0.8593 4278255360
-0.0266 0.5596 -0.8533 4278255360
-0.0266 0.6096 -0.8791 4278255360
-0.0266 0.6596 -0.8318 4278255360
-0.0266 0.7096 -0.8443 4278255360
-0.0266 0.7596 -0.8921 4278255360
-0.0266 0.8096 -0.8791 4278255360
-0.0266 0.8596 -0.8728 4278255360
-0.0266 0.9096 -0.8782 4278255360
-0.0266 0.9596 -0.8468 4278255360
-0.0266 1.0096 -0.8856 4278255360
-0.0266 1.0596 -0.8776 4278255360
-0.0266 1.1096 -0.8756 4278255360
-0.0266 1.1596 -0.8872 4278255360
-0.0266 1.2596 -0.8603 4278255360
-0.0266 1.3096 -0.8763 4278255360
-0.0266 1.3596 -0.8624 4278255360
-0.0266 1.4096 -0.8795 4278255360
-0.0266 1.4596 -0.8587 4278255360
-0.0266 1.5096 -0.8630 4278255360
-0.0266 1.5596 -0.8398 4278255360
-0.0266 1.6596 -0.8511 4278255360
-0.0266 1.7096 -0.8387 4278255360
-0.0266 1.7596 -0.8716 4278255360
-0.0266 1.8096 -0.8510 4278255360
-0.0266 1.8596 -0.8418 4278255360
-0.0266 1.9096 -0.8414 4278255360
-0.0266 1.9596 -0.8654 4278255360
0.0234 -0.3904 -0.8148 4278255360
0.0234 -0.3404 -0.8147 4278255360
0.0234 -0.1904 -0.8121 4278255360
0.0234 -0.1404 -0.8430 4278255360
0.0234 -0.0404 -0.8059 4278255360
0.0234 0.0596 -0.8353 4278255360
0.0234 0.1096 -0.8336 4278255360
0.0234 0.1596 -0.8260 4278255360
0.0234 0.2096 -0.8230 4278255360
0.0234 0.2596 -0.8139 4278255360
0.0234 0.3096 -0.8389 4278255360
0.0234 0.3596 -0.8108 4278255360
0.0234 0.4096 -0.8180 4278255360
0.0234 0.5096 -0.8240 4278255360
0.0234 0.5596 -0.8160 4278255360
0.0234 0.6096 -0.8034 4278255360
0.0234 0.6596 -0.8350 4278255360
0.0234 0.7096 -0.8152 4278255360
0.0234 0.7596 -0.8130 4278255360
0.0234 0.8096 -0.8311 4278255360
0.0234 0.8596 -0.8512 4278255360
0.0234 0.9096 -0.8497 4278255360
0.0234 0.9596 -0.8519 4278255360
0.0234 1.0096 -0.8498 4278255360
0.0234 1.0596 -0.8399 4278255360
0.0234 1.1096 -0.8416 4278255360
0.0234 1.1596 -0.8096 4278255360
0.0234 1.2096 -0.8128 4278255360
0.0234 1.2596 -0.8295 4278255360
0.0234 1.3096 -0.8387 4278255360
0.0234 1.3596 -0.8224 4278255360
0.0234 1.4096 -0.8295 4278255360
0.0234 1.4596 -0.8495 4278255360
0.0234 1.5096 -0.8141 4278255360
0.0234 1.5596 -0.8012 4278255360
0.0234 1.6096 -0.8226 4278255360
0.0234 1.6596 -0.8013 4278255360
0.0234 1.7096 -0.8421 4278255360
0.0234 1.7596 -0.8382 4278255360
0.0234 1.8596 -0.8109 4278255360
0.0234 1.9096 -0.8382 4278255360
0.0234 1.9596 -0.7970 4278255360
0.0234 2.0096 -0.8268 4278255360
0.0734 -0.4404 -0.8140 4278255360
0.0734 -0.3904 -0.8120 4278255360
0.0734 -0.3404 -0.7780 4278255360
0.0734 -0.2404 -0.8008 4278255360
0.0734 -0.1904 -0.7919 4278255360
0.0734 -0.0404 -0.7831 4278255360
0.0734 0.0096 -0.7776 4278255360
0.0734 0.0596 -0.8033 4278255360
0.0734 0.1096 -0.7833 4278255360
0.0734 0.1596 -0.7858 4278255360
0.0734 0.2096 -0.7828 4278255360
0.0734 0.2596 -0.7993 4278255360
0.0734 0.3096 -0.8016 4278255360
0.0734 0.3596 -0.7805 4278255360
0.0734 0.4096 -0.7752 4278255360
0.0734 0.4596 -0.8073 4278255360
0.0734 0.5096 -0.7891 4278255360
0.0734 0.5596 -0.7843 4278255360
0.0734 0.6096 -0.7985 4278255360
0.0734 0.6596 -0.7855 4278255360
0.0734 0.7096 -0.8151 4278255360
0.0734 0.7596 -0.7757 4278255360
0.0734 0.8096 -0.7907 4278255360
0.0734 0.9096 -0.7927 4278255360
0.0734 0.9596 -0.8140 4278255360
0.0734 1.0096 -0.8031 4278255360
0.0734 1.0596 -0.8148 4278255360
0.0734 1.1596 -0.7842 4278255360
0.0734 1.2096 -0.8076 4278255360
0.0734 1.3096 -0.7887 4278255360
0.0734 1.3596 -0.8007 4278255360
0.0734 1.4096 -0.8003 4278255360
0.0734 1.4596 -0.7857 4278255360
0.0734 1.5096 -0.7843 4278255360
0.0734 1.5596 -0.7894 4278255360
0.0734 1.6096 -0.7882 4278255360
0.0734 1.6596 -0.8137 4278255360
0.0734 1.7096 -0.7929 4278255360
0.0734 1.7596 -0.7940 4278255360
0.0734 1.8096 -0.7825 4278255360
0.0734 1.8596 -0.7743 4278255360
0.0734 1.9096 -0.7694 4278255360
0.0734 1.9596 -0.7973 4278255360
0.0734 2.0096 -0.7875 4278255360
0.1234 -0.4404 -0.7694 4278255360
0.1234 -0.3904 -0.7687 4278255360
0.1234 -0.3404 -0.7387 4278255360
0.1234 -0.2904 -0.7641 4278255360
0.1234 -0.2404 -0.7547 4278255360
0.1234 -0.1904 -0.7657 4278255360
0.1234 -0.0904 -0.7677 4278255360
0.1234 -0.0404 -0.7413 4278255360
0.1234 0.0096 -0.7726 4278255360
0.1234 0.0596 -0.7428 4278255360
0.1234 0.1096 -0.7806 4278255360
0.1234 0.1596 -0.7507 4278255360
0.1234 0.2096 -0.7506 4278255360
0.1234 0.2596 -0.7688 4278255360
0.1234 0.3096 -0.7684 4278255360
0.1234 0.3596 -0.7430 4278255360
0.1234 0.4096 -0.7669 4278255360
0.1234 0.4596 -0.7653 4278255360
0.1234 0.5096 -0.7505 4278255360
0.1234 0.5596 -0.7658 4278255360
0.1234 0.6096 -0.7673 4278255360
0.1234 0.6596 -0.7454 4278255360
0.1234 0.7096 -0.7454 4278255360
0.1234 0.7596 -0.7591 4278255360
0.1234 0.8096 -0.7940 4278255360
0.1234 0.8596 -0.7820 4278255360
0.1234 0.9096 -0.7592 4278255360
0.1234 0.9596 -0.7718 4278255360
0.1234 1.0096 -0.7868 4278255360
0.1234 1.0596 -0.7560 4278255360
0.1234 1.1096 -0.7547 4278255360
0.1234 1.1596 -0.7688 4278255360
0.1234 1.2096 -0.7835 4278255360
0.1234 1.2596 -0.7555 4278255360
0.1234 1.3096 -0.7743 4278255360
0.1234 1.3596 -0.7800 4278255360
0.1234 1.4096 -0.7591 4278255360
0.1234 1.4596 -0.7594 4278255360
0.1234 1.5096 -0.7575 4278255360
0.1234 1.5596 -0.7588 4278255360
0.1234 1.6096 -0.7467 4278255360
0.1234 1.6596 -0.7655 4278255360
0.1234 1.7096 -0.7420 4278255360
0.1234 1.7596 -0.7602 4278255360
0.1234 1.8096 -0.7484 4278255360
0.1234 1.8596 -0.7308 4278255360
0.1234 1.9096 -0.7362 4278255360
0.1234 1.9596 -0.7355 4278255360
0.1234 2.0096 -0.7628 4278255360
0.1734 -0.4404 -0.7241 4278255360
0.1734 -0.3404 -0.7273 4278255360
0.1734 -0.2404 -0.7303 4278255360
0.1734 -0.1404 -0.7112 4278255360
0.1734 -0.0904 -0.7286 4278255360
0.1734 -0.0404 -0.7117 4278255360
0.1734 0.0096 -0.7172 4278255360
0.1734 0.0596 -0.7227 4278255360
0.1734 0.1096 -0.7409 4278255360
0.1734 0.1596 -0.7214 4278255360
0.1734 0.2096 -0.7393 4278255360
0.1734 0.2596 -0.7376 4278255360
0.1734 0.3096 -0.7190 4278255360
0.1734 0.3596 -0.7358 4278255360
0.1734 0.4096 -0.7245 4278255360
0.1734 0.4596 -0.7271 4278255360
0.1734 0.5096 -0.7241 4278255360
0.1734 0.5596 -0.7287 4278255360
0.1734 0.6096 -0.7435 4278255360
0.1734 0.6596 -0.7602 4278255360
0.1734 0.7096 -0.7066 4278255360
0.1734 0.7596 -0.7270 4278255360
0.1734 0.8096 -0.7247 4278255360
0.1734 0.8596 -0.7296 4278255360
0.1734 0.9096 -0.7546 4278255360
0.1734 1.0096 -0.7625 4278255360
0.1734 1.0596 -0.7379 4278255360
0.1734 1.1096 -0.7371 4278255360
0.1734 1.1596 -0.7296 4278255360
0.1734 1.2096 -0.7360 4278255360
0.1734 1.2596 -0.7247 4278255360
0.1734 1.3096 -0.7528 4278255360
0.1734 1.3596 -0.7439 4278255360
0.1734 1.4096 -0.7359 4278255360
0.1734 1.4596 -0.7381 4278255360
0.1734 1.5096 -0.7357 4278255360
0.1734 1.5596 -0.7247 4278255360
0.1734 1.6096 -0.7481 4278255360
0.1734 1.6596 -0.7095 4278255360
0.1734 1.7096 -0.7298 4278255360
0.1734 1.7596 -0.7053 4278255360
0.1734 1.8096 -0.7140 4278255360
0.1734 1.8596 -0.6972 4278255360
0.1734 1.9096 -0.7158 4278255360
0.1734 1.9596 -0.6977 4278255360
0.1734 2.0096 -0.7110 4278255360
0.2234 -0.4404 -0.6957 4278255360
0.2234 -0.3904 -0.7088 4278255360
0.2234 -0.3404 -0.6933 4278255360
0.2234 -0.2904 -0.6829 4278255360
0.2234 -0.2404 -0.6766 4278255360
0.2234 -0.1904 -0.6854 4278255360
0.2234 -0.1404 -0.6769 4278255360
0.2234 -0.0904 -0.6711 4278255360
0.2234 -0.0404 -0.6847 4278255360
0.2234 0.0096 -0.7046 4278255360
0.2234 0.0596 -0.7027 4278255360
0.2234 0.1096 -0.6855 4278255360
0.2234 0.1596 -0.6923 4278255360
0.2234 0.2096 -0.7069 4278255360
0.2234 0.2596 -0.6836 4278255360
0.2234 0.3096 -0.7020 4278255360
0.2234 0.3596 -0.6837 4278255360
0.2234 0.4096 -0.7047 4278255360
0.2234 0.4596 -0.6883 4278255360
0.2234 0.5096 -0.6794 4278255360
0.2234 0.5596 -0.7069 4278255360
0.2234 0.6096 -0.7156 4278255360
0.2234 0.6596 -0.6909 4278255360
0.2234 0.7096 -0.7031 4278255360
0.2234 0.7596 -0.6959 4278255360
0.2234 0.8096 -0.6986 4278255360
0.2234 0.8596 -0.7013 4278255360
0.2234 0.9096 -0.7229 4278255360
0.2234 0.9596 -0.6882 4278255360
0.2234 1.0096 -0.7113 4278255360
0.2234 1.0596 -0.6874 4278255360
0.2234 1.1096 -0.6997 4278255360
0.2234 1.1596 -0.7237 4278255360
0.2234 1.2096 -0.6946 4278255360
0.2234 1.2596 -0.7020 4278255360
0.2234 1.3096 -0.7169 4278255360
0.2234 1.3596 -0.6982 4278255360
0.2234 1.4096 -0.7236 4278255360
0.2234 1.4596 -0.6780 4278255360
0.2234 1.5096 -0.7009 4278255360
0.2234 1.5596 -0.6977 4278255360
0.2234 1.6096 -0.6796 4278255360
0.2234 1.6596 -0.7002 4278255360
0.2234 1.7096 -0.6819 4278255360
0.2234 1.7596 -0.7045 4278255360
0.2234 1.8096 -0.6757 4278255360
0.2234 1.8596 -0.6932 4278255360
0.2234 1.9096 -0.6721 4278255360
0.2234 1.9596 -0.6679 4278255360
0.2234 2.0096 -0.6950 4278255360
0.2734 -0.4404 -0.6814 4278255360
0.2734 -0.3904 -0.6682 4278255360
0.2734 -0.3404 -0.6694 4278255360
0.2734 -0.2904 -0.6428 4278255360
0.2734 -0.2404 -0.6622 4278255360
0.2734 -0.1904 -0.6514 4278255360
0.2734 -0.1404 -0.6618 4278255360
0.2734 -0.0904 -0.6505 4278255360
0.2734 -0.0404 -0.6445 4278255360
0.2734 0.0096 -0.6608 4278255360
0.2734 0.0596 -0.6747 4278255360
0.2734 0.1096 -0.6573 4278255360
0.2734 0.1596 -0.6500 4278255360
0.2734 0.2096 -0.6583 4278255360
0.2734 0.2596 -0.6493 4278255360
0.2734 0.3096 -0.6742 4278255360
0.2734 0.3596 -0.6526 4278255360
0.2734 0.4096 -0.6604 4278255360
0.2734 0.4596 -0.6590 4278255360
0.2734 0.5096 -0.6721 4278255360
0.2734 0.5596 -0.6752 4278255360
0.2734 0.6096 -0.6756 4278255360
0.2734 0.6596 -0.6730 4278255360
0.2734 0.7096 -0.6545 4278255360
0.2734 0.7596 -0.6665 4278255360
0.2734 0.8096 -0.6736 4278255360
0.2734 0.8596 -0.6961 4278255360
0.2734 0.9096 -0.6809 4278255360
0.2734 0.9596 -0.6790 4278255360
0.2734 1.0096 -0.6633 4278255360
0.2734 1.0596 -0.6736 4278255360
0.2734 1.1096 -0.6503 4278255360
0.2734 1.1596 -0.6694 4278255360
0.2734 1.2096 -0.6725 4278255360
0.2734 1.2596 -0.6726 4278255360
0.2734 1.3096 -0.6719 4278255360
0.2734 1.3596 -0.6609 4278255360
0.2734 1.4096 -0.6607 4278255360
0.2734 1.5096 -0.6897 4278255360
0.2734 1.5596 -0.6496 4278255360
0.2734 1.6096 -0.6560 4278255360
0.2734 1.6596 -0.6636 4278255360
0.2734 1.7096 -0.6812 4278255360
0.2734 1.7596 -0.6568 4278255360
0.2734 1.8096 -0.6348 4278255360
0.2734 1.8596 -0.6593 4278255360
0.2734 1.9096 -0.6395 4278255360
0.2734 1.9596 -0.6630 4278255360
0.2734 2.0096 -0.6579 4278255360
0.3234 -0.4404 -0.6429 4278255360
0.3234 -0.3904 -0.6385 4278255360
0.3234 -0.3404 -0.6305 4278255360
0.3234 -0.2904 -0.6136 4278255360
0.3234 -0.2404 -0.6157 4278255360
0.3234 -0.1904 -0.6251 4278255360
0.3234 -0.1404 -0.6300 4278255360
0.3234 -0.0904 -0.6134 4278255360
0.3234 -0.0404 -0.6393 4278255360
0.3234 0.0096 -0.6329 4278255360
0.3234 0.0596 -0.6210 4278255360
0.3234 0.1096 -0.6196 4278255360
0.3234 0.1596 -0.6185 4278255360
0.3234 0.2096 -0.6202 4278255360
0.3234 0.2596 -0.6474 4278255360
0.3234 0.3096 -0.6368 4278255360
0.3234 0.3596 -0.6230 4278255360
0.3234 0.4096 -0.6302 4278255360
0.3234 0.4596 -0.6152 4278255360
0.3234 0.5096 -0.6364 4278255360
0.3234 0.5596 -0.6504 4278255360
0.3234 0.6096 -0.6372 4278255360
0.3234 0.6596 -0.6432 4278255360
0.3234 0.7096 -0.6253 4278255360
0.3234 0.7596 -0.6472 4278255360
0.3234 0.8096 -0.6413 4278255360
0.3234 0.8596 -0.6207 4278255360
0.3234 0.9096 -0.6305 4278255360
0.3234 0.9596 -0.6521 4278255360
0.3234 1.0096 -0.6441 4278255360
0.3234 1.0596 -0.6468 4278255360
0.3234 1.1096 -0.6231 4278255360
0.3234 1.1596 -0.6496 4278255360
0.3234 1.2096 -0.6412 4278255360
0.3234 1.2596 -0.6464 4278255360
0.3234 1.3096 -0.6471 4278255360
0.3234 1.3596 -0.6067 4278255360
0.3234 1.4096 -0.6296 4278255360
0.3234 1.4596 -0.6278 4278255360
0.3234 1.5096 -0.6473 4278255360
0.3234 1.5596 -0.6159 4278255360
0.3234 1.6096 -0.6376 4278255360
0.3234 1.6596 -0.6494 4278255360
0.3234 1.7096 -0.6376 4278255360
0.3234 1.7596 -0.6189 4278255360
0.3234 1.8096 -0.6133 4278255360
0.3234 1.8596 -0.6217 4278255360
0.3234 1.9096 -0.6087 4278255360
0.3234 1.9596 -0.6307 4278255360
0.3234 2.0096 -0.6164 4278255360
0.3734 -0.4404 -0.5985 4278255360
0.3734 -0.3904 -0.5987 4278255360
0.3734 -0.3404 -0.5991 4278255360
0.3734 -0.2904 -0.5772 4278255360
0.3734 -0.2404 -0.5883 4278255360
0.3734 -0.1904 -0.5899 4278255360
0.3734 -0.1404 -0.5823 4278255360
0.3734 -0.0904 -0.6106 4278255360
0.3734 -0.0404 -0.5929 4278255360
0.3734 0.0096 -0.5938 4278255360
0.3734 0.0596 -0.5987 4278255360
0.3734 0.1096 -0.5868 4278255360
0.3734 0.1596 -0.5950 4278255360
0.3734 0.2096 -0.5939 4278255360
0.3734 0.2596 -0.6113 4278255360
0.3734 0.3096 -0.5971 4278255360
0.3734 0.3596 -0.6106 4278255360
0.3734 0.4096 -0.6034 4278255360
0.3734 0.4596 -0.6099 4278255360
0.3734 0.5096 -0.5906 4278255360
0.3734 0.5596 -0.6169 4278255360
0.3734 0.6096 -0.6129 4278255360
0.3734 0.6596 -0.5953 4278255360
0.3734 0.7096 -0.6081 4278255360
0.3734 0.7596 -0.6167 4278255360
0.3734 0.8096 -0.6224 4278255360
0.3734 0.8596 -0.6006 4278255360
0.3734 0.9096 -0.6030 4278255360
0.3734 0.9596 -0.5987 4278255360
0.3734 1.0096 -0.6135 4278255360
0.3734 1.0596 -0.6019 4278255360
0.3734 1.1096 -0.6048 4278255360
0.3734 1.1596 -0.6169 4278255360
0.3734 1.2096 -0.6031 4278255360
0.3734 1.2596 -0.6229 4278255360
0.3734 1.3096 -0.5912 4278255360
0.3734 1.3596 -0.5913 4278255360
0.3734 1.4096 -0.6050 4278255360
0.3734 1.4596 -0.6013 4278255360
0.3734 1.5096 -0.5965 4278255360
0.3734 1.5596 -0.6147 4278255360
0.3734 1.6096 -0.6181 4278255360
0.3734 1.6596 -0.5752 4278255360
0.3734 1.7096 -0.5953 4278255360
0.3734 1.7596 -0.5842 4278255360
0.3734 1.8096 -0.6066 4278255360
0.3734 1.8596 -0.5912 4278255360
0.3734 1.9096 -0.5826 4278255360
0.3734 1.9596 -0.5736 4278255360
0.3734 2.0096 -0.5939 4278255360
0.4234 -0.4404 -0.5658 4278255360
0.4234 -0.3904 -0.5975 4278255360
0.4234 -0.3404 -0.5711 4278255360
0.4234 -0.2904 -0.5547 4278255360
0.4234 -0.2404 -0.5544 4278255360
0.4234 -0.1904 -0.5598 4278255360
0.4234 -0.1404 -0.5545 4278255360
0.4234 -0.0904 -0.5640 4278255360
0.4234 -0.0404 -0.5563 4278255360
0.4234 0.0096 -0.5622 4278255360
0.4234 0.0596 -0.5687 4278255360
0.4234 0.1096 -0.5646 4278255360
0.4234 0.1596 -0.5633 4278255360
0.4234 0.2096 -0.5612 4278255360
0.4234 0.2596 -0.5787 4278255360
0.4234 0.3096 -0.5675 4278255360
0.4234 0.3596 -0.5541 4278255360
0.4234 0.4096 -0.5502 4278255360
0.4234 0.4596 -0.5490 4278255360
0.4234 0.5096 -0.5553 4278255360
0.4234 0.5596 -0.5529 4278255360
0.4234 0.6096 -0.5692 4278255360
0.4234 0.6596 -0.5542 4278255360
0.4234 0.7096 -0.5904 4278255360
0.4234 0.7596 -0.5757 4278255360
0.4234 0.8096 -0.5823 4278255360
0.4234 0.8596 -0.5852 4278255360
0.4234 0.9096 -0.5699 4278255360
0.4234 0.9596 -0.5780 4278255360
0.4234 1.0096 -0.5601 4278255360
0.4234 1.0596 -0.5804 4278255360
0.4234 1.1096 -0.5784 4278255360
0.4234 1.1596 -0.5772 4278255360
0.4234 1.2096 -0.5732 4278255360
0.4234 1.2596 -0.5733 4278255360
0.4234 1.3096 -0.5706 4278255360
0.4234 1.3596 -0.5621 4278255360
0.4234 1.4096 -0.5777 4278255360
0.4234 1.4596 -0.5546 4278255360
0.4234 1.5096 -0.5772 4278255360
0.4234 1.5596 -0.5560 4278255360
0.4234 1.6096 -0.5694 4278255360
0.4234 1.6596 -0.5548 4278255360
0.4234 1.7096 -0.5660 4278255360
0.4234 1.7596 -0.5533 4278255360
0.4234 1.8096 -0.5666 4278255360
0.4234 1.8596 -0.5586 4278255360
0.4234 1.9096 -0.5613 4278255360
0.4234 1.9596 -0.5709 4278255360
0.4234 2.0096 -0.5536 4278255360
0.4734 -0.4404 -0.5353 4278255360
0.4734 -0.3904 -0.5540 4278255360
0.4734 -0.3404 -0.5382 4278255360
0.4734 -0.2904 -0.5256 4278255360
0.4734 -0.2404 -0.5235 4278255360
0.4734 -0.1904 -0.5228 4278255360
0.4734 -0.1404 -0.5149 4278255360
0.4734 -0.0904 -0.5288 4278255360
0.4734 -0.0404 -0.5332 4278255360
0.4734 0.0096 -0.5270 4278255360
0.4734 0.0596 -0.5286 4278255360
0.4734 0.1096 -0.5306 4278255360
0.4734 0.1596 -0.5369 4278255360
0.4734 0.2096 -0.5227 4278255360
0.4734 0.2596 -0.5415 4278255360
0.4734 0.3096 -0.5275 4278255360
0.4734 0.3596 -0.5098 4278255360
0.4734 0.4096 -0.5189 4278255360
0.4734 0.4596 -0.5345 4278255360
0.4734 0.5096 -0.5239 4278255360
0.4734 0.5596 -0.5266 4278255360
0.4734 0.6096 -0.5198 4278255360
0.4734 0.6596 -0.5438 4278255360
0.4734 0.7096 -0.5665 4278255360
0.4734 0.7596 -0.5432 4278255360
0.4734 0.8096 -0.5390 4278255360
0.4734 0.8596 -0.5331 4278255360
0.4734 0.9096 -0.5484 4278255360
0.4734 0.9596 -0.5520 4278255360
0.4734 1.0096 -0.5388 4278255360
0.4734 1.0596 -0.5544 4278255360
0.4734 1.1096 -0.5398 4278255360
0.4734 1.1596 -0.5558 4278255360
0.4734 1.2096 -0.5284 4278255360
0.4734 1.2596 -0.5594 4278255360
0.4734 1.3096 -0.5361 4278255360
0.4734 1.3596 -0.5365 4278255360
0.4734 1.4096 -0.5395 4278255360
0.4734 1.4596 -0.5591 4278255360
0.4734 1.5096 -0.5354 4278255360
0.4734 1.5596 -0.5250 4278255360
0.4734 1.6096 -0.5397 4278255360
0.4734 1.6596 -0.5312 4278255360
0.4734 1.7096 -0.5479 4278255360
0.4734 1.7596 -0.5220 4278255360
0.4734 1.8096 -0.5332 4278255360
0.4734 1.8596 -0.5244 4278255360
0.4734 1.9096 -0.5208 4278255360
0.4734 1.9596 -0.5361 4278255360
0.4734 2.0096 -0.5252 4278255360
0.5234 -0.4404 -0.5038 4278255360
0.5234 -0.3904 -0.5177 4278255360
0.5234 -0.3404 -0.5023 4278255360
0.5234 -0.2904 -0.5206 4278255360
0.5234 -0.2404 -0.4869 4278255360
0.5234 -0.1904 -0.5271 4278255360
0.5234 -0.1404 -0.4841 4278255360
0.5234 -0.0904 -0.4996 4278255360
0.5234 -0.0404 -0.4986 4278255360
0.5234 0.0096 -0.4909 4278255360
0.5234 0.0596 -0.5080 4278255360
0.5234 0.1096 -0.5210 4278255360
0.5234 0.1596 -0.5105 4278255360
0.5234 0.2096 -0.4966 4278255360
0.5234 0.2596 -0.5155 4278255360
0.5234 0.3096 -0.4988 4278255360
0.5234 0.3596 -0.4886 4278255360
0.5234 0.4096 -0.4988 4278255360
0.5234 0.4596 -0.5061 4278255360
0.5234 0.5096 -0.5041 4278255360
0.5234 0.5596 -0.4950 4278255360
0.5234 0.6096 -0.5086 4278255360
0.5234 0.6596 -0.5236 4278255360
0.5234 0.7096 -0.4993 4278255360
0.5234 0.7596 -0.5137 4278255360
0.5234 0.8096 -0.5016 4278255360
0.5234 0.8596 -0.5083 4278255360
0.5234 0.9096 -0.4992 4278255360
0.5234 0.9596 -0.5173 4278255360
0.5234 1.0096 -0.5203 4278255360
0.5234 1.0596 -0.5318 4278255360
0.5234 1.1096 -0.5082 4278255360
0.5234 1.1596 -0.5132 4278255360
0.5234 1.2096 -0.5024 4278255360
0.5234 1.2596 -0.5225 4278255360
0.5234 1.3096 -0.5225 4278255360
0.5234 1.3596 -0.5070 4278255360
0.5234 1.4096 -0.5268 4278255360
0.5234 1.4596 -0.4956 4278255360
0.5234 1.5096 -0.4934 4278255360
0.5234 1.5596 -0.4942 4278255360
0.5234 1.6096 -0.5153 4278255360
0.5234 1.6596 -0.5004 4278255360
0.5234 1.7096 -0.4901 4278255360
0.5234 1.7596 -0.4910 4278255360
0.5234 1.8096 -0.5057 4278255360
0.5234 1.8596 -0.4862 4278255360
0.5234 1.9096 -0.5035 4278255360
0.5234 1.9596 -0.5119 4278255360
0.5234 2.0096 -0.4866 4278255360
0.5234 3.3096 0.5667 4294901760
0.5234 3.4096 0.5639 4278255360
0.5734 -0.4404 -0.4569 4278255360
0.5734 -0.3904 -0.4845 4278255360
0.5734 -0.3404 -0.4706 4278255360
0.5734 -0.2904 -0.4953 4278255360
0.5734 -0.2404 -0.5026 4278255360
0.5734 -0.1904 -0.4655 4278255360
0.5734 -0.1404 -0.4762 4278255360
0.5734 -0.0904 -0.4706 4278255360
0.5734 -0.0404 -0.4671 4278255360
0.5734 0.0096 -0.4498 4278255360
0.5734 0.0596 -0.4719 4278255360
0.5734 0.1096 -0.4614 4278255360
0.5734 0.1596 -0.4773 4278255360
0.5734 0.2096 -0.4700 4278255360
0.5734 0.2596 -0.4639 4278255360
0.5734 0.3096 -0.4461 4278255360
0.5734 0.3596 -0.4731 4278255360
0.5734 0.4096 -0.4771 4278255360
0.5734 0.4596 -0.4776 4278255360
0.5734 0.5096 -0.4753 4278255360
0.5734 0.5596 -0.4638 4278255360
0.5734 0.6096 -0.5012 4278255360
0.5734 0.6596 -0.5065 4278255360
0.5734 0.7096 -0.4781 4278255360
0.5734 0.7596 -0.4968 4278255360
0.5734 0.8096 -0.4607 4278255360
0.5734 0.8596 -0.4813 4278255360
0.5734 0.9096 -0.4814 4278255360
0.5734 0.9596 -0.4780 4278255360
0.5734 1.0096 -0.4763 4278255360
0.5734 1.0596 -0.4981 4278255360
0.5734 1.1096 -0.4729 4278255360
0.5734 1.1596 -0.4789 4278255360
0.5734 1.2096 -0.4817 4278255360
0.5734 1.2596 -0.4843 4278255360
0.5734 1.3096 -0.4886 4278255360
0.5734 1.3596 -0.4947 4278255360
0.5734 1.4096 -0.4590 4278255360
0.5734 1.4596 -0.4724 4278255360
0.5734 1.5096 -0.4713 4278255360
0.5734 1.5596 -0.4729 4278255360
0.5734 1.6096 -0.4528 4278255360
0.5734 1.6596 -0.4623 4278255360
0.5734 1.7096 -0.4752 4278255360
0.5734 1.7596 -0.4632 4278255360
0.5734 1.8096 -0.4744 4278255360
0.5734 1.8596 -0.4653 4278255360
0.5734 1.9096 -0.4823 4278255360
0.5734 1.9596 -0.4758 4278255360
0.5734 2.0096 -0.4679 4278255360
0.5734 3.2596 0.5667 4294901760
0.5734 3.3096 0.5667 4294901760
0.5734 3.3596 0.7667 4294901760
0.6234 -0.4404 -0.4331 4278255360
0.6234 -0.3904 -0.4405 4278255360
0.6234 -0.3404 -0.4186 4278255360
0.6234 -0.2904 -0.4283 4278255360
0.6234 -0.2404 -0.4650 4278255360
0.6234 -0.1904 -0.4333 4278255360
0.6234 -0.1404 -0.4194 4278255360
0.6234 -0.0904 -0.4448 4278255360
0.6234 -0.0404 -0.4221 4278255360
0.6234 0.0096 -0.4228 4278255360
0.6234 0.0596 -0.4454 4278255360
0.6234 0.1096 -0.4355 4278255360
0.6234 0.1596 -0.4453 4278255360
0.6234 0.2096 -0.4455 4278255360
0.6234 0.2596 -0.4371 4278255360
0.6234 0.3096 -0.4202 4278255360
0.6234 0.3596 -0.4230 4278255360
0.6234 0.4096 -0.4310 4278255360
0.6234 0.4596 -0.4186 4278255360
0.6234 0.5096 -0.4124 4278255360
0.6234 0.5596 -0.4460 4278255360
0.6234 0.6096 -0.4745 4278255360
0.6234 0.6596 -0.4348 4278255360
0.6234 0.7096 -0.4454 4278255360
0.6234 0.7596 -0.4343 4278255360
0.6234 0.8096 -0.4515 4278255360
0.6234 0.8596 -0.4303 4278255360
0.6234 0.9096 -0.4589 4278255360
0.6234 0.9596 -0.4452 4278255360
0.6234 1.0096 -0.4590 4278255360
0.6234 1.0596 -0.4422 4278255360
0.6234 1.1096 -0.4675 4278255360
0.6234 1.1596 -0.4404 4278255360
0.6234 1.2096 -0.4591 4278255360
0.6234 1.2596 -0.4480 4278255360
0.6234 1.3096 -0.4326 4278255360
0.6234 1.3596 -0.4471 4278255360
0.6234 1.4096 -0.4381 4278255360
0.6234 1.4596 -0.4505 4278255360
0.6234 1.5096 -0.4417 4278255360
0.6234 1.5596 -0.4529 4278255360
0.6234 1.6096 -0.4238 4278255360
0.6234 1.6596 -0.4462 4278255360
0.6234 1.7096 -0.4308 4278255360
0.6234 1.7596 -0.4335 4278255360
0.6234 1.8096 -0.4338 4278255360
0.6234 1.8596 -0.4435 4278255360
0.6234 1.9096 -0.4277 4278255360
0.6234 1.9596 -0.3990 4278255360
0.6234 2.0096 -0.4219 4278255360
0.6234 3.3596 0.9167 4294901760
0.6234 3.4096 0.9167 4294901760
0.6234 3.4596 0.6053 4278255360
0.6734 -0.4404 -0.4098 4278255360
0.6734 -0.3904 -0.4035 4278255360
0.6734 -0.3404 -0.3826 4278255360
0.6734 -0.2904 -0.3972 4278255360
0.6734 -0.2404 -0.4052 4278255360
0.6734 -0.1904 -0.4045 4278255360
0.6734 -0.1404 -0.3910 4278255360
0.6734 -0.0904 -0.3935 4278255360
0.6734 -0.0404 -0.4166 4278255360
0.6734 0.0096 -0.3974 4278255360
0.6734 0.0596 -0.4169 4278255360
0.6734 0.1096 -0.4109 4278255360
0.6734 0.1596 -0.3970 4278255360
0.6734 0.2096 -0.4215 4278255360
0.6734 0.2596 -0.3812 4278255360
0.6734 0.3096 -0.3920 4278255360
0.6734 0.3596 -0.4072 4278255360
0.6734 0.4096 -0.3980 4278255360
0.6734 0.4596 -0.3938 4278255360
0.6734 0.5096 -0.4067 4278255360
0.6734 0.5596 -0.4244 4278255360
0.6734 0.6096 -0.4275 4278255360
0.6734 0.6596 -0.4091 4278255360
0.6734 0.7096 -0.4418 4278255360
0.6734 0.7596 -0.4165 4278255360
0.6734 0.8096 -0.4009 4278255360
0.6734 0.8596 -0.4127 4278255360
0.6734 0.9096 -0.4354 4278255360
0.6734 0.9596 -0.4168 4278255360
0.6734 1.0096 -0.3988 4278255360
0.6734 1.0596 -0.4331 4278255360
0.6734 1.1096 -0.4015 4278255360
0.6734 1.1596 -0.4007 4278255360
0.6734 1.2096 -0.4110 4278255360
0.6734 1.2596 -0.4354 4278255360
0.6734 1.3096 -0.3888 4278255360
0.6734 1.3596 -0.4096 4278255360
0.6734 1.4096 -0.4151 4278255360
0.6734 1.4596 -0.4002 4278255360
0.6734 1.5096 -0.3997 4278255360
0.6734 1.5596 -0.3898 4278255360
0.6734 1.6096 -0.3936 4278255360
0.6734 1.6596 -0.4150 4278255360
0.6734 1.7096 -0.4073 4278255360
0.6734 1.7596 -0.4245 4278255360
0.6734 1.8096 -0.4190 4278255360
0.6734 1.8596 -0.3742 4278255360
0.6734 1.9096 -0.3939 4278255360
0.6734 1.9596 -0.3949 4278255360
0.6734 2.0096 -0.4075 4278255360
0.6734 3.3596 0.7889 4278255360
0.6734 3.4096 0.6131 4278255360
0.6734 3.4596 0.6139 4278255360
0.6734 3.5096 0.6175 4278255360
0.7234 -0.4404 -0.3749 4278255360
0.7234 -0.3904 -0.3772 4278255360
0.7234 -0.3404 -0.3727 4278255360
0.7234 -0.2904 -0.3758 4278255360
0.7234 -0.2404 -0.3780 4278255360
0.7234 -0.1904 -0.3668 4278255360
0.7234 -0.1404 -0.3605 4278255360
0.7234 -0.0904 -0.3657 4278255360
0.7234 -0.0404 -0.3748 4278255360
0.7234 0.0096 -0.3694 4278255360
0.7234 0.0596 -0.3574 4278255360
0.7234 0.1096 -0.3700 4278255360
0.7234 0.1596 -0.3702 4278255360
0.7234 0.2096 -0.3698 4278255360
0.7234 0.2596 -0.3642 4278255360
0.7234 0.3096 -0.3566 4278255360
0.7234 0.3596 -0.3865 4278255360
0.7234 0.4096 -0.3688 4278255360
0.7234 0.4596 -0.3594 4278255360
0.7234 0.5096 -0.3871 4278255360
0.7234 0.5596 -0.3961 4278255360
0.7234 0.6096 -0.3880 4278255360
0.7234 0.6596 -0.3720 4278255360
0.7234 0.7096 -0.3769 4278255360
0.7234 0.7596 -0.3811 4278255360
0.7234 0.8096 -0.4067 4278255360
0.7234 0.8596 -0.3961 4278255360
0.7234 0.9096 -0.3803 4278255360
0.7234 0.9596 -0.3843 4278255360
0.7234 1.0096 -0.3647 4278255360
0.7234 1.0596 -0.3979 4278255360
0.7234 1.1096 -0.3844 4278255360
0.7234 1.1596 -0.3948 4278255360
0.7234 1.2096 -0.3959 4278255360
0.7234 1.2596 -0.3654 4278255360
0.7234 1.3096 -0.3640 4278255360
0.7234 1.3596 -0.3665 4278255360
0.7234 1.4096 -0.3823 4278255360
0.7234 1.4596 -0.3636 4278255360
0.7234 1.5096 -0.3804 4278255360
0.7234 1.5596 -0.3696 4278255360
0.7234 1.6096 -0.3863 4278255360
0.7234 1.6596 -0.3868 4278255360
0.7234 1.7096 -0.3829 4278255360
0.7234 1.7596 -0.3594 4278255360
0.7234 1.8096 -0.3392 4278255360
0.7234 1.8596 -0.3625 4278255360
0.7234 1.9096 -0.3681 4278255360
0.7234 1.9596 -0.3519 4278255360
0.7234 2.0096 -0.3299 4278255360
0.7234 3.3596 0.7558 4278255360
0.7234 3.4096 0.7667 4294901760
0.7234 3.4596 0.6167 4294901760
0.7234 3.5096 0.6167 4294901760
0.7734 -0.4404 -0.3351 4278255360
0.7734 -0.3904 -0.3529 4278255360
0.7734 -0.3404 -0.3422 4278255360
0.7734 -0.2904 -0.3491 4278255360
0.7734 -0.2404 -0.3282 4278255360
0.7734 -0.1904 -0.3317 4278255360
0.7734 -0.1404 -0.3338 4278255360
0.7734 -0.0904 -0.3322 4278255360
0.7734 -0.0404 -0.3197 4278255360
0.7734 0.0096 -0.3382 4278255360
0.7734 0.0596 -0.3306 4278255360
0.7734 0.1096 -0.3274 4278255360
0.7734 0.1596 -0.3532 4278255360
0.7734 0.2096 -0.3301 4278255360
0.7734 0.2596 -0.3329 4278255360
0.7734 0.3096 -0.3535 4278255360
0.7734 0.3596 -0.3277 4278255360
0.7734 0.4096 -0.3470 4278255360
0.7734 0.4596 -0.3515 4278255360
0.7734 0.5096 -0.3725 4278255360
0.7734 0.5596 -0.3341 4278255360
0.7734 0.6096 -0.3669 4278255360
0.7734 0.6596 -0.3422 4278255360
0.7734 0.7096 -0.3529 4278255360
0.7734 0.7596 -0.3747 4278255360
0.7734 0.8096 -0.3606 4278255360
0.7734 0.8596 -0.3475 4278255360
0.7734 0.9096 -0.3535 4278255360
0.7734 0.9596 -0.3376 4278255360
0.7734 1.0096 -0.3448 4278255360
0.7734 1.0596 -0.3506 4278255360
0.7734 1.1096 -0.3666 4278255360
0.7734 1.1596 -0.3264 4278255360
0.7734 1.2096 -0.3579 4278255360
0.7734 1.2596 -0.3422 4278255360
0.7734 1.3096 -0.3383 4278255360
0.7734 1.3596 -0.3553 4278255360
0.7734 1.4096 -0.3512 4278255360
0.7734 1.4596 -0.3508 4278255360
0.7734 1.5096 -0.3443 4278255360
0.7734 1.5596 -0.3455 4278255360
0.7734 1.6096 -0.3353 4278255360
0.7734 1.6596 -0.3561 4278255360
0.7734 1.7096 -0.3238 4278255360
0.7734 1.7596 -0.3348 4278255360
0.7734 1.8096 -0.3444 4278255360
0.7734 1.8596 -0.3494 4278255360
0.7734 1.9096 -0.3130 4278255360
0.7734 1.9596 -0.3201 4278255360
0.7734 2.0096 -0.3107 4278255360
0.7734 3.2096 0.5667 4294901760
0.7734 3.2596 0.5667 4294901760
0.7734 3.3096 0.5936 4278255360
0.7734 3.3596 0.6164 4278255360
0.7734 3.4096 0.8167 4294901760
0.7734 3.4596 0.6389 4278255360
0.7734 3.5096 0.6167 4294901760
0.8234 -0.4404 -0.3105 4278255360
0.8234 -0.3904 -0.3242 4278255360
0.8234 -0.3404 -0.3159 4278255360
0.8234 -0.2904 -0.3227 4278255360
0.8234 -0.2404 -0.2844 4278255360
0.8234 -0.1904 -0.2903 4278255360
0.8234 -0.1404 -0.3120 4278255360
0.8234 -0.0904 -0.3057 4278255360
0.8234 -0.0404 -0.3023 4278255360
0.8234 0.0096 -0.2982 4278255360
0.8234 0.0596 -0.3104 4278255360
0.8234 0.1096 -0.3149 4278255360
0.8234 0.1596 -0.2848 4278255360
0.8234 0.2096 -0.3110 4278255360
0.8234 0.2596 -0.3187 4278255360
0.8234 0.3096 -0.3159 4278255360
0.8234 0.3596 -0.3113 4278255360
0.8234 0.4096 -0.3146 4278255360
0.8234 0.4596 -0.3303 4278255360
0.8234 0.5096 -0.3236 4278255360
0.8234 0.5596 -0.3345 4278255360
0.8234 0.6096 -0.3024 4278255360
0.8234 0.6596 -0.3199 4278255360
0.8234 0.7096 -0.3269 4278255360
0.8234 0.7596 -0.3288 4278255360
0.8234 0.8096 -0.3155 4278255360
0.8234 0.8596 -0.3341 4278255360
0.8234 0.9096 -0.2942 4278255360
0.8234 0.9596 -0.3056 4278255360
0.8234 1.0096 -0.3173 4278255360
0.8234 1.0596 -0.3246 4278255360
0.8234 1.1096 -0.2977 4278255360
0.8234 1.1596 -0.3229 4278255360
0.8234 1.2096 -0.3231 4278255360
0.8234 1.2596 -0.3252 4278255360
0.8234 1.3096 -0.2959 4278255360
0.8234 1.3596 -0.3236 4278255360
0.8234 1.4096 -0.3131 4278255360
0.8234 1.4596 -0.3239 4278255360
0.8234 1.5096 -0.2969 4278255360
0.8234 1.5596 -0.3102 4278255360
0.8234 1.6096 -0.3251 4278255360
0.8234 1.6596 -0.2949 4278255360
0.8234 1.7096 -0.3042 4278255360
0.8234 1.7596 -0.3062 4278255360
0.8234 1.8096 -0.3028 4278255360
0.8234 1.8596 -0.2981 4278255360
0.8234 1.9096 -0.2786 4278255360
0.8234 1.9596 -0.2648 4278255360
0.8234 2.0096 -0.2858 4278255360
0.8234 3.2096 0.6167 4294901760
0.8234 3.2596 0.6167 4294901760
0.8234 3.3596 0.6321 4278255360
0.8234 3.4096 0.7167 4294901760
0.8234 3.4596 0.9167 4294901760
0.8734 -0.4404 -0.2865 4278255360
0.8734 -0.3904 -0.2636 4278255360
0.8734 -0.3404 -0.2607 4278255360
0.8734 -0.2904 -0.2792 4278255360
0.8734 -0.2404 -0.2709 4278255360
0.8734 -0.1904 -0.2709 4278255360
0.8734 -0.1404 -0.2788 4278255360
0.8734 -0.0904 -0.2644 4278255360
0.8734 -0.0404 -0.2770 4278255360
0.8734 0.0096 -0.2757 4278255360
0.8734 0.0596 -0.2901 4278255360
0.8734 0.1096 -0.2874 4278255360
0.8734 0.1596 -0.2676 4278255360
0.8734 0.2096 -0.2812 4278255360
0.8734 0.2596 -0.2944 4278255360
0.8734 0.3096 -0.2864 4278255360
0.8734 0.3596 -0.2847 4278255360
0.8734 0.4096 -0.2968 4278255360
0.8734 0.4596 -0.2872 4278255360
0.8734 0.5096 -0.2963 4278255360
0.8734 0.5596 -0.2663 4278255360
0.8734 0.6096 -0.2973 4278255360
0.8734 0.6596 -0.2950 4278255360
0.8734 0.7096 -0.2949 4278255360
0.8734 0.7596 -0.3049 4278255360
0.8734 0.8096 -0.3005 4278255360
0.8734 0.8596 -0.2670 4278255360
0.8734 0.9096 -0.3014 4278255360
0.8734 0.9596 -0.2910 4278255360
0.8734 1.0096 -0.2904 4278255360
0.8734 1.0596 -0.2984 4278255360
0.8734 1.1096 -0.2949 4278255360
0.8734 1.1596 -0.2977 4278255360
0.8734 1.2096 -0.2512 4278255360
0.8734 1.2596 -0.2859 4278255360
0.8734 1.3096 -0.2920 4278255360
0.8734 1.3596 -0.2882 4278255360
0.8734 1.4096 -0.2814 4278255360
0.8734 1.4596 -0.2848 4278255360
0.8734 1.5096 -0.2826 4278255360
0.8734 1.5596 -0.2729 4278255360
0.8734 1.6096 -0.3032 4278255360
0.8734 1.6596 -0.2824 4278255360
0.8734 1.7096 -0.2664 4278255360
0.8734 1.7596 -0.2540 4278255360
0.8734 1.8096 -0.2597 4278255360
0.8734 1.8596 -0.2396 4278255360
0.8734 1.9096 -0.2609 4278255360
0.8734 1.9596 -0.2663 4278255360
0.8734 2.0096 -0.2737 4278255360
0.8734 3.2096 0.5667 4294901760
0.8734 3.2596 0.6667 4294901760
0.8734 3.3096 0.6167 4294901760
0.8734 3.3596 0.6167 4294901760
0.8734 3.4096 0.9091 4278255360
0.8734 3.4596 0.9167 4294901760
0.8734 3.5096 0.6983 4278255360
0.9234 -0.4404 -0.2620 4278255360
0.9234 -0.3904 -0.2518 4278255360
0.9234 -0.3404 -0.2595 4278255360
0.9234 -0.2904 -0.2585 4278255360
0.9234 -0.2404 -0.2509 4278255360
0.9234 -0.1904 -0.2347 4278255360
0.9234 -0.1404 -0.2341 4278255360
0.9234 -0.0904 -0.2414 4278255360
0.9234 -0.0404 -0.2389 4278255360
0.9234 0.0096 -0.2581 4278255360
0.9234 0.0596 -0.2483 4278255360
0.9234 0.1096 -0.2307 4278255360
0.9234 0.1596 -0.2564 4278255360
0.9234 0.2096 -0.2414 4278255360
0.9234 0.2596 -0.2541 4278255360
0.9234 0.3096 -0.2465 4278255360
0.9234 0.3596 -0.2444 4278255360
0.9234 0.4096 -0.2741 4278255360
0.9234 0.4596 -0.2578 4278255360
0.9234 0.5096 -0.2755 4278255360
0.9234 0.5596 -0.2651 4278255360
0.9234 0.6096 -0.2589 4278255360
0.9234 0.6596 -0.2630 4278255360
0.9234 0.7096 -0.2672 4278255360
0.9234 0.7596 -0.2699 4278255360
0.9234 0.8096 -0.2354 4278255360
0.9234 0.8596 -0.2699 4278255360
0.9234 0.9096 -0.2582 4278255360
0.9234 0.9596 -0.2612 4278255360
0.9234 1.0096 -0.2485 4278255360
0.9234 1.0596 -0.2406 4278255360
0.9234 1.1096 -0.2648 4278255360
0.9234 1.1596 -0.2643 4278255360
0.9234 1.2096 -0.2464 4278255360
0.9234 1.2596 -0.2377 4278255360
0.9234 1.3096 -0.2616 4278255360
0.9234 1.3596 -0.2598 4278255360
0.9234 1.4096 -0.2609 4278255360
0.9234 1.4596 -0.2514 4278255360
0.9234 1.5096 -0.2481 4278255360
0.9234 1.5596 -0.2339 4278255360
0.9234 1.6096 -0.2576 4278255360
0.9234 1.6596 -0.2436 4278255360
0.9234 1.7096 -0.2374 4278255360
0.9234 1.7596 -0.2248 4278255360
0.9234 1.8096 -0.2208 4278255360
0.9234 1.8596 -0.2414 4278255360
0.9234 1.9096 -0.2241 4278255360
0.9234 1.9596 -0.2316 4278255360
0.9234 2.0096 -0.2381 4278255360
0.9234 3.2096 0.6167 4294901760
0.9234 3.2596 0.6667 4294901760
0.9234 3.3096 0.6167 4294901760
0.9234 3.3596 0.8251 4278255360
0.9234 3.4096 0.8251 4278255360
0.9234 3.4596 0.8667 4294901760
0.9234 3.5096 0.7114 4278255360
0.9734 -0.4404 -0.2083 4278255360
0.9734 -0.3904 -0.2073 4278255360
0.9734 -0.3404 -0.2160 4278255360
0.9734 -0.2904 -0.2103 4278255360
0.9734 -0.2404 -0.2050 4278255360
0.9734 -0.1904 -0.2130 4278255360
0.9734 -0.1404 -0.2014 4278255360
0.9734 -0.0904 -0.2196 4278255360
0.9734 -0.0404 -0.2290 4278255360
0.9734 0.0096 -0.2081 4278255360
0.9734 0.0596 -0.2290 4278255360
0.9734 0.1096 -0.2096 4278255360
0.9734 0.1596 -0.2009 4278255360
0.9734 0.2096 -0.2223 4278255360
0.9734 0.2596 -0.2122 4278255360
0.9734 0.3096 -0.2061 4278255360
0.9734 0.3596 -0.2158 4278255360
0.9734 0.4096 -0.2401 4278255360
0.9734 0.4596 -0.2298 4278255360
0.9734 0.5096 -0.2300 4278255360
0.9734 0.5596 -0.2195 4278255360
0.9734 0.6096 -0.2463 4278255360
0.9734 0.6596 -0.2190 4278255360
0.9734 0.7096 -0.2333 4278255360
0.9734 0.7596 -0.1990 4278255360
0.9734 0.8096 -0.2136 4278255360
0.9734 0.8596 -0.2285 4278255360
0.9734 0.9096 -0.2261 4278255360
0.9734 0.9596 -0.2275 4278255360
0.9734 1.0096 -0.2100 4278255360
0.9734 1.0596 -0.2116 4278255360
0.9734 1.1096 -0.2111 4278255360
0.9734 1.1596 -0.2111 4278255360
0.9734 1.2096 -0.2103 4278255360
0.9734 1.2596 -0.2020 4278255360
0.9734 1.3096 -0.2263 4278255360
0.9734 1.3596 -0.2214 4278255360
0.9734 1.4096 -0.2049 4278255360
0.9734 1.4596 -0.2180 4278255360
0.9734 1.5096 -0.2093 4278255360
0.9734 1.5596 -0.2175 4278255360
0.9734 1.6096 -0.1834 4278255360
0.9734 1.6596 -0.1869 4278255360
0.9734 1.7096 -0.2067 4278255360
0.9734 1.7596 -0.1998 4278255360
0.9734 1.8096 -0.1952 4278255360
0.9734 1.8596 -0.1975 4278255360
0.9734 1.9096 -0.1968 4278255360
0.9734 1.9596 -0.2294 4278255360
0.9734 2.0096 -0.1780 4278255360
0.9734 3.2096 0.7167 4294901760
0.9734 3.2596 0.8205 4278255360
0.9734 3.3096 0.8188 4278255360
0.9734 3.3596 0.7167 4294901760
0.9734 3.4096 0.7667 4294901760
0.9734 3.4596 0.8167 4294901760
1.0234 -0.4404 -0.1854 4278255360
1.0234 -0.3904 -0.1697 4278255360
1.0234 -0.3404 -0.1928 4278255360
1.0234 -0.2904 -0.1719 4278255360
1.0234 -0.2404 -0.1633 4278255360
1.0234 -0.1904 -0.1895 4278255360
1.0234 -0.1404 -0.1796 4278255360
1.0234 -0.0904 -0.1981 4278255360
1.0234 -0.0404 -0.1987 4278255360
1.0234 0.0096 -0.1749 4278255360
1.0234 0.0596 -0.1945 4278255360
1.0234 0.1096 -0.1748 4278255360
1.0234 0.1596 -0.1819 4278255360
1.0234 0.2096 -0.1800 4278255360
1.0234 0.2596 -0.1758 4278255360
1.0234 0.3096 -0.1827 4278255360
1.0234 0.3596 -0.1987 4278255360
1.0234 0.4096 -0.1890 4278255360
1.0234 0.4596 -0.1885 4278255360
1.0234 0.5096 -0.2004 4278255360
1.0234 0.5596 -0.1916 4278255360
1.0234 0.6096 -0.2039 4278255360
1.0234 0.6596 -0.2033 4278255360
1.0234 0.7096 -0.1908 4278255360
1.0234 0.7596 -0.1949 4278255360
1.0234 0.8096 -0.2022 4278255360
1.0234 0.8596 -0.1990 4278255360
1.0234 0.9096 -0.1938 4278255360
1.0234 0.9596 -0.1905 4278255360
1.0234 1.0096 -0.1898 4278255360
1.0234 1.0596 -0.1848 4278255360
1.0234 1.1096 -0.1904 4278255360
1.0234 1.1596 -0.1713 4278255360
1.0234 1.2096 -0.1745 4278255360
1.0234 1.2596 -0.1822 4278255360
1.0234 1.3096 -0.1713 4278255360
1.0234 1.3596 -0.1808 4278255360
1.0234 1.4096 -0.1795 4278255360
1.0234 1.4596 -0.1874 4278255360
1.0234 1.5096 -0.1564 4278255360
1.0234 1.5596 -0.1700 4278255360
1.0234 1.6096 -0.1734 4278255360
1.0234 1.6596 -0.1818 4278255360
1.0234 1.7096 -0.1842 4278255360
1.0234 1.7596 -0.1637 4278255360
1.0234 1.8096 -0.1686 4278255360
1.0234 1.8596 -0.1893 4278255360
1.0234 1.9096 -0.1732 4278255360
1.0234 1.9596 -0.1533 4278255360
1.0234 2.0096 -0.1581 4278255360
1.0234 3.1596 0.7804 4278255360
1.0234 3.2096 0.7167 4294901760
1.0234 3.2596 0.8183 4278255360
1.0234 3.3096 0.8317 4278255360
1.0234 3.3596 0.7667 4294901760
1.0234 3.4596 0.7667 4294901760
1.0734 -0.4404 -0.1646 4278255360
1.0734 -0.3904 -0.1640 4278255360
1.0734 -0.3404 -0.1700 4278255360
1.0734 -0.2904 -0.1416 4278255360
1.0734 -0.2404 -0.1448 4278255360
1.0734 -0.1904 -0.1528 4278255360
1.0734 -0.1404 -0.1359 4278255360
1.0734 -0.0904 -0.1577 4278255360
1.0734 -0.0404 -0.1424 4278255360
1.0734 0.0096 -0.1461 4278255360
1.0734 0.0596 -0.1385 4278255360
1.0734 0.1096 -0.1593 4278255360
1.0734 0.1596 -0.1637 4278255360
1.0734 0.2096 -0.1414 4278255360
1.0734 0.2596 -0.1465 4278255360
1.0734 0.3096 -0.1710 4278255360
1.0734 0.3596 -0.1569 4278255360
1.0734 0.4096 -0.1615 4278255360
1.0734 0.4596 -0.1689 4278255360
1.0734 0.5096 -0.1794 4278255360
1.0734 0.5596 -0.1547 4278255360
1.0734 0.6096 -0.1648 4278255360
1.0734 0.6596 -0.1641 4278255360
1.0734 0.7096 -0.1626 4278255360
1.0734 0.7596 -0.1656 4278255360
1.0734 0.8096 -0.1725 4278255360
1.0734 0.8596 -0.1606 4278255360
1.0734 0.9096 -0.1603 4278255360
1.0734 0.9596 -0.1635 4278255360
1.0734 1.0096 -0.1432 4278255360
1.0734 1.0596 -0.1639 4278255360
1.0734 1.1096 -0.1545 4278255360
1.0734 1.1596 -0.1559 4278255360
1.0734 1.2096 -0.1657 4278255360
1.0734 1.2596 -0.1437 4278255360
1.0734 1.3096 -0.1455 4278255360
1.0734 1.3596 -0.1671 4278255360
1.0734 1.4096 -0.1250 4278255360
1.0734 1.4596 -0.1353 4278255360
1.0734 1.5096 -0.1293 4278255360
1.0734 1.5596 -0.1387 4278255360
1.0734 1.6096 -0.1375 4278255360
1.0734 1.6596 -0.1619 4278255360
1.0734 1.7096 -0.1564 4278255360
1.0734 1.7596 -0.1630 4278255360
1.0734 1.8096 -0.1240 4278255360
1.0734 1.8596 -0.1238 4278255360
1.0734 1.9096 -0.1341 4278255360
1.0734 1.9596 -0.1426 4278255360
1.0734 2.0096 -0.1239 4278255360
1.0734 3.1596 0.8197 4278255360
1.0734 3.2096 0.7904 4278255360
1.0734 3.2596 0.8237 4278255360
1.0734 3.3096 0.7667 4294901760
1.0734 3.3596 0.8603 4278255360
1.0734 3.4096 0.8667 4294901760
1.1234 -0.4404 -0.1143 4278255360
1.1234 -0.3904 -0.1226 4278255360
1.1234 -0.3404 -0.1294 4278255360
1.1234 -0.2904 -0.1212 4278255360
1.1234 -0.2404 -0.1010 4278255360
1.1234 -0.1904 -0.1105 4278255360
1.1234 -0.1404 -0.1002 4278255360
1.1234 -0.0904 -0.1141 4278255360
1.1234 -0.0404 -0.1307 4278255360
1.1234 0.0096 -0.1005 4278255360
1.1234 0.0596 -0.1001 4278255360
1.1234 0.1096 -0.1320 4278255360
1.1234 0.1596 -0.1061 4278255360
1.1234 0.2096 -0.1448 4278255360
1.1234 0.2596 -0.1478 4278255360
1.1234 0.3096 -0.1364 4278255360
1.1234 0.3596 -0.1264 4278255360
1.1234 0.4096 -0.1285 4278255360
1.1234 0.4596 -0.1259 4278255360
1.1234 0.5096 -0.1587 4278255360
1.1234 0.5596 -0.1254 4278255360
1.1234 0.6096 -0.1322 4278255360
1.1234 0.6596 -0.1204 4278255360
1.1234 0.7096 -0.1403 4278255360
1.1234 0.7596 -0.1437 4278255360
1.1234 0.8096 -0.1305 4278255360
1.1234 0.8596 -0.1267 4278255360
1.1234 0.9096 -0.1393 4278255360
1.1234 0.9596 -0.1163 4278255360
1.1234 1.0096 -0.1358 4278255360
1.1234 1.0596 -0.1321 4278255360
1.1234 1.1096 -0.1312 4278255360
1.1234 1.1596 -0.1309 4278255360
1.1234 1.2096 -0.1215 4278255360
1.1234 1.2596 -0.1151 4278255360
1.1234 1.3096 -0.1328 4278255360
1.1234 1.3596 -0.1146 4278255360
1.1234 1.4096 -0.1006 4278255360
1.1234 1.4596 -0.1205 4278255360
1.1234 1.5096 -0.1245 4278255360
1.1234 1.5596 -0.1298 4278255360
1.1234 1.6096 -0.1400 4278255360
1.1234 1.6596 -0.1155 4278255360
1.1234 1.7096 -0.0885 4278255360
1.1234 1.7596 -0.1058 4278255360
1.1234 1.8096 -0.1202 4278255360
1.1234 1.8596 -0.0957 4278255360
1.1234 1.9096 -0.1211 4278255360
1.1234 1.9596 -0.1307 4278255360
1.1234 2.0096 -0.1080 4278255360
1.1234 3.1596 0.6667 4294901760
1.1234 3.2096 0.8208 4278255360
1.1234 3.2596 0.7667 4294901760
1.1234 3.3096 0.8167 4294901760
1.1234 3.3596 0.8667 4294901760
1.1234 3.4096 0.9290 4278255360
1.1234 3.4596 0.8667 4294901760
1.1734 -0.4404 -0.0744 4278255360
1.1734 -0.3904 -0.0860 4278255360
1.1734 -0.3404 -0.0840 4278255360
1.1734 -0.2904 -0.0817 4278255360
1.1734 -0.2404 -0.0697 4278255360
1.1734 -0.1904 -0.0788 4278255360
1.1734 -0.1404 -0.0770 4278255360
1.1734 -0.0904 -0.0965 4278255360
1.1734 -0.0404 -0.0963 4278255360
1.1734 0.0096 -0.0941 4278255360
1.1734 0.0596 -0.0874 4278255360
1.1734 0.1096 -0.0920 4278255360
1.1734 0.1596 -0.1148 4278255360
1.1734 0.2096 -0.0952 4278255360
1.1734 0.2596 -0.1114 4278255360
1.1734 0.3096 -0.0864 4278255360
1.1734 0.3596 -0.0944 4278255360
1.1734 0.4096 -0.0943 4278255360
1.1734 0.4596 -0.0953 4278255360
1.1734 0.5096 -0.1089 4278255360
1.1734 0.5596 -0.1211 4278255360
1.1734 0.6096 -0.0838 4278255360
1.1734 0.6596 -0.1111 4278255360
1.1734 0.7096 -0.1133 4278255360
1.1734 0.7596 -0.1126 4278255360
1.1734 0.8096 -0.1008 4278255360
1.1734 0.8596 -0.0928 4278255360
1.1734 0.9096 -0.0922 4278255360
1.1734 0.9596 -0.1098 4278255360
1.1734 1.0096 -0.1060 4278255360
1.1734 1.0596 -0.0800 4278255360
1.1734 1.1096 -0.0834 4278255360
1.1734 1.1596 -0.0912 4278255360
1.1734 1.2096 -0.0584 4278255360
1.1734 1.2596 -0.0610 4278255360
1.1734 1.3096 -0.0710 4278255360
1.1734 1.3596 -0.0812 4278255360
1.1734 1.4096 -0.0782 4278255360
1.1734 1.4596 -0.0660 4278255360
1.1734 1.5096 -0.1062 4278255360
1.1734 1.5596 -0.1055 4278255360
1.1734 1.6096 -0.0496 4278255360
1.1734 1.6596 -0.0754 4278255360
1.1734 1.7096 -0.0779 4278255360
1.1734 1.7596 -0.0842 4278255360
1.1734 1.8096 -0.0710 4278255360
1.1734 1.8596 -0.0871 4278255360
1.1734 1.9096 -0.0672 4278255360
1.1734 1.9596 -0.0929 4278255360
1.1734 2.0096 -0.0700 4278255360
1.1734 3.1096 0.8167 4294901760
1.1734 3.2096 0.8416 4278255360
1.1734 3.2596 0.8273 4278255360
1.1734 3.3596 0.8167 4294901760
1.1734 3.4096 0.8167 4294901760
1.2234 -0.4404 -0.0408 4278255360
1.2234 -0.3904 -0.0660 4278255360
1.2234 -0.3404 -0.0448 4278255360
1.2234 -0.2904 -0.0424 4278255360
1.2234 -0.2404 -0.0310 4278255360
1.2234 -0.1904 -0.0436 4278255360
1.2234 -0.1404 -0.0444 4278255360
1.2234 -0.0904 -0.0613 4278255360
1.2234 -0.0404 -0.0328 4278255360
1.2234 0.0096 -0.0558 4278255360
1.2234 0.0596 -0.0489 4278255360
1.2234 0.1096 -0.0421 4278255360
1.2234 0.1596 -0.0600 4278255360
1.2234 0.2096 -0.0817 4278255360
1.2234 0.2596 -0.0597 4278255360
1.2234 0.3096 -0.0641 4278255360
1.2234 0.3596 -0.0628 4278255360
1.2234 0.4096 -0.0851 4278255360
1.2234 0.4596 -0.0617 4278255360
1.2234 0.5096 -0.0561 4278255360
1.2234 0.5596 -0.0567 4278255360
1.2234 0.6096 -0.0808 4278255360
1.2234 0.6596 -0.0476 4278255360
1.2234 0.7096 -0.0466 4278255360
1.2234 0.7596 -0.0737 4278255360
1.2234 0.8096 -0.0697 4278255360
1.2234 0.8596 -0.0529 4278255360
1.2234 0.9096 -0.0775 4278255360
1.2234 0.9596 -0.0811 4278255360
1.2234 1.0096 -0.0872 4278255360
1.2234 1.0596 -0.0490 4278255360
1.2234 1.1096 -0.0725 4278255360
1.2234 1.1596 -0.0456 4278255360
1.2234 1.2096 -0.0522 4278255360
1.2234 1.2596 -0.0396 4278255360
1.2234 1.3096 -0.0602 4278255360
1.2234 1.3596 -0.0666 4278255360
1.2234 1.4096 -0.0651 4278255360
1.2234 1.4596 -0.0316 4278255360
1.2234 1.5096 -0.0315 4278255360
1.2234 1.5596 -0.0483 4278255360
1.2234 1.6096 -0.0400 4278255360
1.2234 1.6596 -0.0362 4278255360
1.2234 1.7096 -0.0477 4278255360
1.2234 1.7596 -0.0253 4278255360
1.2234 1.8096 -0.0625 4278255360
1.2234 1.8596 -0.0578 4278255360
1.2234 1.9096 -0.0227 4278255360
1.2234 1.9596 -0.0376 4278255360
1.2234 2.0096 -0.0351 4278255360
1.2234 3.2096 0.8647 4278255360
1.2234 3.2596 0.8495 4278255360
1.2234 3.3096 0.8167 4294901760
1.2234 3.3596 0.6667 4294901760
1.2234 3.4096 0.7667 4294901760
1.2234 3.4596 0.9167 4294901760
1.2234 3.5096 0.9167 4294901760
1.2734 -0.4404 -0.0368 4278255360
1.2734 -0.3904 -0.0421 4278255360
1.2734 -0.3404 -0.0264 4278255360
1.2734 -0.2904 -0.0264 4278255360
1.2734 -0.2404 -0.0059 4278255360
1.2734 -0.1904 -0.0312 4278255360
1.2734 -0.1404 -0.0271 4278255360
1.2734 -0.0904 -0.0248 4278255360
1.2734 -0.0404 -0.0229 4278255360
1.2734 0.0096 -0.0269 4278255360
1.2734 0.0596 -0.0222 4278255360
1.2734 0.1096 -0.0090 4278255360
1.2734 0.1596 -0.0450 4278255360
1.2734 0.2096 -0.0344 4278255360
1.2734 0.2596 -0.0296 4278255360
1.2734 0.3096 -0.0314 4278255360
1.2734 0.3596 -0.0294 4278255360
1.2734 0.4096 -0.0475 4278255360
1.2734 0.4596 -0.0485 4278255360
1.2734 0.5096 -0.0230 4278255360
1.2734 0.5596 -0.0233 4278255360
1.2734 0.6096 -0.0200 4278255360
1.2734 0.6596 -0.0201 4278255360
1.2734 0.7096 -0.0284 4278255360
1.2734 0.7596 -0.0411 4278255360
1.2734 0.8096 -0.0365 4278255360
1.2734 0.8596 -0.0295 4278255360
1.2734 0.9096 -0.0325 4278255360
1.2734 0.9596 -0.0039 4278255360
1.2734 1.0096 -0.0188 4278255360
1.2734 1.0596 0.0004 4278255360
1.2734 1.1096 -0.0252 4278255360
1.2734 1.1596 -0.0197 4278255360
1.2734 1.2096 -0.0163 4278255360
1.2734 1.2596 -0.0252 4278255360
1.2734 1.3096 -0.0326 4278255360
1.2734 1.3596 -0.0494 4278255360
1.2734 1.4096 0.0013 4278255360
1.2734 1.4596 -0.0125 4278255360
1.2734 1.5096 -0.0372 4278255360
1.2734 1.5596 -0.0265 4278255360
1.2734 1.6096 -0.0207 4278255360
1.2734 1.6596 -0.0276 4278255360
1.2734 1.7096 -0.0229 4278255360
1.2734 1.7596 0.0055 4278255360
1.2734 1.8096 -0.0160 4278255360
1.2734 1.8596 -0.0079 4278255360
1.2734 1.9096 -0.0048 4278255360
1.2734 1.9596 0.0178 4278255360
1.2734 2.0096 -0.0042 4278255360
1.2734 3.2096 0.8182 4278255360
1.2734 3.2596 0.8167 4294901760
1.2734 3.3096 0.6866 4278255360
1.2734 3.3596 0.6485 4278255360
1.2734 3.5096 0.7667 4294901760
1.3234 -0.4404 0.0042 4278255360
1.3234 -0.3904 -0.0036 4278255360
1.3234 -0.3404 0.0155 4278255360
1.3234 -0.2904 0.0114 4278255360
1.3234 -0.2404 0.0035 4278255360
1.3234 -0.1904 0.0130 4278255360
1.3234 -0.1404 0.0134 4278255360
1.3234 -0.0904 0.0152 4278255360
1.3234 -0.0404 0.0192 4278255360
1.3234 0.0096 0.0120 4278255360
1.3234 0.0596 0.0263 4278255360
1.3234 0.1096 0.0270 4278255360
1.3234 0.1596 -0.0108 4278255360
1.3234 0.2096 0.0037 4278255360
1.3234 0.2596 0.0017 4278255360
1.3234 0.3096 -0.0007 4278255360
1.3234 0.3596 -0.0198 4278255360
1.3234 0.4096 0.0015 4278255360
1.3234 0.4596 0.0069 4278255360
1.3234 0.5096 0.0209 4278255360
1.3234 0.5596 -0.0085 4278255360
1.3234 0.6096 0.0092 4278255360
1.3234 0.6596 -0.0018 4278255360
1.3234 0.7096 0.0151 4278255360
1.3234 0.7596 -0.0071 4278255360
1.3234 0.8096 -0.0012 4278255360
1.3234 0.8596 -0.0062 4278255360
1.3234 0.9096 0.0181 4278255360
1.3234 0.9596 -0.0027 4278255360
1.3234 1.0096 0.0102 4278255360
1.3234 1.0596 0.0223 4278255360
1.3234 1.1096 0.0039 4278255360
1.3234 1.1596 -0.0030 4278255360
1.3234 1.2096 -0.0063 4278255360
1.3234 1.2596 0.0150 4278255360
1.3234 1.3096 0.0243 4278255360
1.3234 1.3596 0.0193 4278255360
1.3234 1.4096 0.0139 4278255360
1.3234 1.4596 -0.0065 4278255360
1.3234 1.5096 0.0157 4278255360
1.3234 1.5596 -0.0007 4278255360
1.3234 1.6096 0.0331 4278255360
1.3234 1.6596 0.0445 4278255360
1.3234 1.7096 0.0182 4278255360
1.3234 1.7596 0.0545 4278255360
1.3234 1.8096 0.0470 4278255360
1.3234 1.8596 0.0504 4278255360
1.3234 1.9096 0.0360 4278255360
1.3234 1.9596 0.0174 4278255360
1.3234 2.0096 0.0411 4278255360
1.3234 3.2596 0.7167 4294901760
1.3234 3.3096 0.6482 4278255360
1.3234 3.5096 0.8083 4278255360
1.3734 -0.4404 0.0496 4278255360
1.3734 -0.3904 0.0314 4278255360
1.3734 -0.3404 0.0525 4278255360
1.3734 -0.2904 0.0658 4278255360
1.3734 -0.2404 0.0446 4278255360
1.3734 -0.1904 0.0315 4278255360
1.3734 -0.1404 0.0502 4278255360
1.3734 -0.0904 0.0402 4278255360
1.3734 -0.0404 0.0204 4278255360
1.3734 0.0096 0.0478 4278255360
1.3734 0.0596 0.0616 4278255360
1.3734 0.1096 0.0214 4278255360
1.3734 0.1596 0.0400 4278255360
1.3734 0.2096 0.0406 4278255360
1.3734 0.2596 0.0341 4278255360
1.3734 0.3096 0.0064 4278255360
1.3734 0.3596 0.0304 4278255360
1.3734 0.4096 0.0292 4278255360
1.3734 0.4596 0.0518 4278255360
1.3734 0.5096 0.0380 4278255360
1.3734 0.5596 0.0182 4278255360
1.3734 0.6096 0.0280 4278255360
1.3734 0.6596 0.0412 4278255360
1.3734 0.7096 0.0216 4278255360
1.3734 0.7596 0.0247 4278255360
1.3734 0.8096 0.0138 4278255360
1.3734 0.8596 0.0391 4278255360
1.3734 0.9096 0.0586 4278255360
1.3734 0.9596 0.0365 4278255360
1.3734 1.0096 0.0330 4278255360
1.3734 1.0596 0.0482 4278255360
1.3734 1.1096 0.0173 4278255360
1.3734 1.1596 0.0515 4278255360
1.3734 1.2096 0.0307 4278255360
1.3734 1.2596 0.0570 4278255360
1.3734 1.3096 0.0401 4278255360
1.3734 1.3596 0.0533 4278255360
1.3734 1.4096 0.0294 4278255360
1.3734 1.4596 0.0728 4278255360
1.3734 1.5096 0.0568 4278255360
1.3734 1.5596 0.0607 4278255360
1.3734 1.6096 0.0743 4278255360
1.3734 1.6596 0.0467 4278255360
1.3734 1.7096 0.0338 4278255360
1.3734 1.7596 0.0595 4278255360
1.3734 1.8096 0.0666 4278255360
1.3734 1.8596 0.0544 4278255360
1.3734 1.9096 0.0507 4278255360
1.3734 1.9596 0.0368 4278255360
1.3734 2.0096 0.0289 4278255360
1.3734 3.2596 0.6667 4294901760
1.4234 -0.4404 0.0610 4278255360
1.4234 -0.3904 0.0798 4278255360
1.4234 -0.3404 0.0904 4278255360
1.4234 -0.2904 0.0793 4278255360
1.4234 -0.2404 0.0883 4278255360
1.4234 -0.1904 0.0704 4278255360
1.4234 -0.1404 0.0668 4278255360
1.4234 -0.0904 0.0879 4278255360
1.4234 -0.0404 0.0842 4278255360
1.4234 0.0096 0.0962 4278255360
1.4234 0.0596 0.0600 4278255360
1.4234 0.1096 0.0664 4278255360
1.4234 0.1596 0.0700 4278255360
1.4234 0.2096 0.0655 4278255360
1.4234 0.2596 0.0690 4278255360
1.4234 0.3096 0.0643 4278255360
1.4234 0.3596 0.0690 4278255360
1.4234 0.4096 0.0811 4278255360
1.4234 0.4596 0.0660 4278255360
1.4234 0.5096 0.0711 4278255360
1.4234 0.5596 0.0547 4278255360
1.4234 0.6096 0.0778 4278255360
1.4234 0.6596 0.0493 4278255360
1.4234 0.7096 0.0510 4278255360
1.4234 0.7596 0.0479 4278255360
1.4234 0.8096 0.0754 4278255360
1.4234 0.8596 0.0738 4278255360
1.4234 0.9096 0.0772 4278255360
1.4234 0.9596 0.0653 4278255360
1.4234 1.0096 0.0716 4278255360
1.4234 1.0596 0.0819 4278255360
1.4234 1.1096 0.0948 4278255360
1.4234 1.1596 0.0743 4278255360
1.4234 1.2096 0.0758 4278255360
1.4234 1.2596 0.0605 4278255360
1.4234 1.3096 0.0628 4278255360
1.4234 1.3596 0.0608 4278255360
1.4234 1.4096 0.0857 4278255360
1.4234 1.4596 0.0799 4278255360
1.4234 1.5096 0.0790 4278255360
1.4234 1.5596 0.0897 4278255360
1.4234 1.6096 0.0850 4278255360
1.4234 1.6596 0.0646 4278255360
1.4234 1.7096 0.0832 4278255360
1.4234 1.7596 0.0651 4278255360
1.4234 1.8096 0.0547 4278255360
1.4234 1.8596 0.0658 4278255360
1.4234 1.9096 0.0701 4278255360
1.4234 1.9596 0.0929 4278255360
1.4234 2.0096 0.0912 4278255360
1.4734 -0.4404 0.1270 4278255360
1.4734 -0.3904 0.1193 4278255360
1.4734 -0.3404 0.1210 4278255360
1.4734 -0.2904 0.1168 4278255360
1.4734 -0.2404 0.1007 4278255360
1.4734 -0.1904 0.1047 4278255360
1.4734 -0.1404 0.1153 4278255360
1.4734 -0.0904 0.1256 4278255360
1.4734 -0.0404 0.1236 4278255360
1.4734 0.0096 0.1328 4278255360
1.4734 0.0596 0.0937 4278255360
1.4734 0.1096 0.0823 4278255360
1.4734 0.1596 0.1015 4278255360
1.4734 0.2096 0.1006 4278255360
1.4734 0.2596 0.0981 4278255360
1.4734 0.3096 0.1023 4278255360
1.4734 0.3596 0.1005 4278255360
1.4734 0.4096 0.1032 4278255360
1.4734 0.4596 0.1036 4278255360
1.4734 0.5096 0.0864 4278255360
1.4734 0.5596 0.1084 4278255360
1.4734 0.6096 0.1102 4278255360
1.4734 0.6596 0.0858 4278255360
1.4734 0.7096 0.1168 4278255360
1.4734 0.7596 0.1188 4278255360
1.4734 0.8096 0.0879 4278255360
1.4734 0.8596 0.0846 4278255360
1.4734 0.9096 0.1062 4278255360
1.4734 0.9596 0.1214 4278255360
1.4734 1.0096 0.1042 4278255360
1.4734 1.0596 0.1146 4278255360
1.4734 1.1096 0.1083 4278255360
1.4734 1.1596 0.1087 4278255360
1.4734 1.2096 0.1255 4278255360
1.4734 1.2596 0.1365 4278255360
1.4734 1.3096 0.1020 4278255360
1.4734 1.3596 0.1461 4278255360
1.4734 1.4096 0.1221 4278255360
1.4734 1.4596 0.1318 4278255360
1.4734 1.5096 0.1130 4278255360
1.4734 1.5596 0.1412 4278255360
1.4734 1.6096 0.1281 4278255360
1.4734 1.6596 0.0960 4278255360
1.4734 1.7096 0.0869 4278255360
1.4734 1.7596 0.1386 4278255360
1.4734 1.8096 0.1100 4278255360
1.4734 1.8596 0.1059 4278255360
1.4734 1.9096 0.0970 4278255360
1.4734 1.9596 0.1336 4278255360
1.4734 2.0096 0.1220 4278255360
1.5234 -0.4404 0.1627 4278255360
1.5234 -0.3904 0.1362 4278255360
1.5234 -0.3404 0.1635 4278255360
1.5234 -0.2904 0.1547 4278255360
1.5234 -0.2404 0.1412 4278255360
1.5234 -0.1904 0.1407 4278255360
1.5234 -0.1404 0.1327 4278255360
1.5234 -0.0904 0.1523 4278255360
1.5234 -0.0404 0.1320 4278255360
1.5234 0.0096 0.1591 4278255360
1.5234 0.0596 0.1389 4278255360
1.5234 0.1096 0.1094 4278255360
1.5234 0.1596 0.1338 4278255360
1.5234 0.2096 0.1310 4278255360
1.5234 0.2596 0.1247 4278255360
1.5234 0.3096 0.1329 4278255360
1.5234 0.3596 0.1370 4278255360
1.5234 0.4096 0.1140 4278255360
1.5234 0.4596 0.1199 4278255360
1.5234 0.5096 0.1214 4278255360
1.5234 0.5596 0.1383 4278255360
1.5234 0.6096 0.1231 4278255360
1.5234 0.6596 0.1359 4278255360
1.5234 0.7096 0.1419 4278255360
1.5234 0.7596 0.1555 4278255360
1.5234 0.8096 0.1154 4278255360
1.5234 0.8596 0.1232 4278255360
1.5234 0.9096 0.1612 4278255360
1.5234 0.9596 0.1456 4278255360
1.5234 1.0096 0.1349 4278255360
1.5234 1.0596 0.1269 4278255360
1.5234 1.1096 0.1489 4278255360
1.5234 1.1596 0.1385 4278255360
1.5234 1.2096 0.1760 4278255360
1.5234 1.2596 0.1591 4278255360
1.5234 1.3096 0.1534 4278255360
1.5234 1.3596 0.1390 4278255360
1.5234 1.4096 0.1546 4278255360
1.5234 1.4596 0.1437 4278255360
1.5234 1.5096 0.1120 4278255360
1.5234 1.5596 0.1380 4278255360
1.5234 1.6096 0.1339 4278255360
1.5234 1.6596 0.1273 4278255360
1.5234 1.7096 0.1311 4278255360
1.5234 1.7596 0.1490 4278255360
1.5234 1.8096 0.1629 4278255360
1.5234 1.8596 0.1370 4278255360
1.5234 1.9096 0.1354 4278255360
1.5234 1.9596 0.1603 4278255360
1.5234 2.0096 0.1725 4278255360
1.5734 -0.4404 0.2007 4278255360
1.5734 -0.3904 0.2002 4278255360
1.5734 -0.3404 0.1714 4278255360
1.5734 -0.2904 0.1883 4278255360
1.5734 -0.2404 0.1775 4278255360
1.5734 -0.1904 0.1748 4278255360
1.5734 -0.1404 0.1769 4278255360
1.5734 -0.0904 0.1906 4278255360
1.5734 -0.0404 0.1883 4278255360
1.5734 0.0096 0.2003 4278255360
1.5734 0.0596 0.1672 4278255360
1.5734 0.1096 0.1702 4278255360
1.5734 0.1596 0.1423 4278255360
1.5734 0.2096 0.1661 4278255360
1.5734 0.2596 0.1665 4278255360
1.5734 0.3096 0.1461 4278255360
1.5734 0.3596 0.1505 4278255360
1.5734 0.4096 0.1514 4278255360
1.5734 0.4596 0.1578 4278255360
1.5734 0.5096 0.1710 4278255360
1.5734 0.5596 0.1720 4278255360
1.5734 0.6096 0.1629 4278255360
1.5734 0.6596 0.1677 4278255360
1.5734 0.7096 0.1552 4278255360
1.5734 0.7596 0.1612 4278255360
1.5734 0.8096 0.1667 4278255360
1.5734 0.8596 0.1768 4278255360
1.5734 0.9096 0.1622 4278255360
1.5734 0.9596 0.1754 4278255360
1.5734 1.0096 0.1637 4278255360
1.5734 1.0596 0.2068 4278255360
1.5734 1.1096 0.1754 4278255360
1.5734 1.1596 0.1684 4278255360
1.5734 1.2096 0.1846 4278255360
1.5734 1.2596 0.1486 4278255360
1.5734 1.3096 0.1368 4278255360
1.5734 1.3596 0.1575 4278255360
1.5734 1.4096 0.1700 4278255360
1.5734 1.4596 0.1532 4278255360
1.5734 1.5096 0.1785 4278255360
1.5734 1.5596 0.1533 4278255360
1.5734 1.6096 0.1623 4278255360
1.5734 1.6596 0.1617 4278255360
1.5734 1.7096 0.1922 4278255360
1.5734 1.7596 0.1701 4278255360
1.5734 1.8096 0.2101 4278255360
1.5734 1.8596 0.1708 4278255360
1.5734 1.9096 0.1815 4278255360
1.5734 1.9596 0.1942 4278255360
1.5734 2.0096 0.1937 4278255360
1.6234 -0.4404 0.2030 4278255360
1.6234 -0.3904 0.2210 4278255360
1.6234 -0.3404 0.2096 4278255360
1.6234 -0.2904 0.1897 4278255360
1.6234 -0.2404 0.1938 4278255360
1.6234 -0.1904 0.2239 4278255360
1.6234 -0.1404 0.2094 4278255360
1.6234 -0.0904 0.1960 4278255360
1.6234 -0.0404 0.2068 4278255360
1.6234 0.0096 0.2119 4278255360
1.6234 0.0596 0.1830 4278255360
1.6234 0.1096 0.1869 4278255360
1.6234 0.1596 0.2065 4278255360
1.6234 0.2096 0.2154 4278255360
1.6234 0.2596 0.2167 4278255360
1.6234 0.3096 0.1817 4278255360
1.6234 0.3596 0.1832 4278255360
1.6234 0.4096 0.1848 4278255360
1.6234 0.4596 0.2048 4278255360
1.6234 0.5096 0.1940 4278255360
1.6234 0.5596 0.1930 4278255360
1.6234 0.6096 0.1925 4278255360
1.6234 0.6596 0.1948 4278255360
1.6234 0.7096 0.1916 4278255360
1.6234 0.7596 0.2239 4278255360
1.6234 0.8096 0.2020 4278255360
1.6234 0.8596 0.2145 4278255360
1.6234 0.9096 0.2008 4278255360
1.6234 0.9596 0.2268 4278255360
1.6234 1.0096 0.1657 4278255360
1.6234 1.0596 0.2389 4278255360
1.6234 1.1096 0.2367 4278255360
1.6234 1.1596 0.2142 4278255360
1.6234 1.2096 0.2141 4278255360
1.6234 1.2596 0.1961 4278255360
1.6234 1.3096 0.1756 4278255360
1.6234 1.3596 0.1955 4278255360
1.6234 1.4096 0.1900 4278255360
1.6234 1.4596 0.2089 4278255360
1.6234 1.5096 0.2144 4278255360
1.6234 1.5596 0.1969 4278255360
1.6234 1.6096 0.2314 4278255360
1.6234 1.6596 0.1991 4278255360
1.6234 1.7096 0.2238 4278255360
1.6234 1.7596 0.2071 4278255360
1.6234 1.8096 0.2197 4278255360
1.6234 1.8596 0.1995 4278255360
1.6234 1.9096 0.1972 4278255360
1.6234 1.9596 0.2163 4278255360
1.6234 2.0096 0.2245 4278255360
1.6734 -0.4404 0.2217 4278255360
1.6734 -0.3904 0.2369 4278255360
1.6734 -0.3404 0.2396 4278255360
1.6734 -0.2904 0.2555 4278255360
1.6734 -0.2404 0.2463 4278255360
1.6734 -0.1904 0.2374 4278255360
1.6734 -0.1404 0.2352 4278255360
1.6734 -0.0904 0.2464 4278255360
1.6734 -0.0404 0.2449 4278255360
1.6734 0.0096 0.2377 4278255360
1.6734 0.0596 0.2192 4278255360
1.6734 0.1096 0.2351 4278255360
1.6734 0.1596 0.2461 4278255360
1.6734 0.2096 0.2470 4278255360
1.6734 0.2596 0.2591 4278255360
1.6734 0.3096 0.2342 4278255360
1.6734 0.3596 0.2519 4278255360
1.6734 0.4096 0.2611 4278255360
1.6734 0.4596 0.2527 4278255360
1.6734 0.5096 0.2703 4278255360
1.6734 0.5596 0.2336 4278255360
1.6734 0.6096 0.2390 4278255360
1.6734 0.6596 0.2518 4278255360
1.6734 0.7096 0.2365 4278255360
1.6734 0.7596 0.2343 4278255360
1.6734 0.8096 0.2240 4278255360
1.6734 0.8596 0.2336 4278255360
1.6734 0.9096 0.2281 4278255360
1.6734 0.9596 0.2566 4278255360
1.6734 1.0096 0.2281 4278255360
1.6734 1.0596 0.2332 4278255360
1.6734 1.1096 0.2256 4278255360
1.6734 1.1596 0.2205 4278255360
1.6734 1.2096 0.2427 4278255360
1.6734 1.2596 0.2370 4278255360
1.6734 1.3096 0.2257 4278255360
1.6734 1.3596 0.2269 4278255360
1.6734 1.4096 0.2254 4278255360
1.6734 1.4596 0.2466 4278255360
1.6734 1.5096 0.2356 4278255360
1.6734 1.5596 0.2349 4278255360
1.6734 1.6096 0.2350 4278255360
1.6734 1.6596 0.2297 4278255360
1.6734 1.7096 0.2253 4278255360
1.6734 1.7596 0.2358 4278255360
1.6734 1.8096 0.2216 4278255360
1.6734 1.8596 0.2417 4278255360
1.6734 1.9096 0.2459 4278255360
1.6734 1.9596 0.2454 4278255360
1.6734 2.0096 0.2577 4278255360
1.7234 -0.4404 0.2620 4278255360
1.7234 -0.3904 0.2574 4278255360
1.7234 -0.3404 0.3012 4278255360
1.7234 -0.2904 0.2652 4278255360
1.7234 -0.2404 0.2680 4278255360
1.7234 -0.1904 0.2829 4278255360
1.7234 -0.1404 0.2562 4278255360
1.7234 -0.0904 0.2563 4278255360
1.7234 -0.0404 0.2425 4278255360
1.7234 0.0096 0.2445 4278255360
1.7234 0.0596 0.2776 4278255360
1.7234 0.1096 0.2379 4278255360
1.7234 0.1596 0.2424 4278255360
1.7234 0.2096 0.2547 4278255360
1.7234 0.2596 0.2493 4278255360
1.7234 0.3096 0.2511 4278255360
1.7234 0.3596 0.2775 4278255360
1.7234 0.4096 0.2743 4278255360
1.7234 0.4596 0.2681 4278255360
1.7234 0.5096 0.2757 4278255360
1.7234 0.5596 0.2834 4278255360
1.7234 0.6096 0.2676 4278255360
1.7234 0.6596 0.3002 4278255360
1.7234 0.7096 0.2630 4278255360
1.7234 0.7596 0.2857 4278255360
1.7234 0.8096 0.2771 4278255360
1.7234 0.8596 0.2807 4278255360
1.7234 0.9096 0.2657 4278255360
1.7234 0.9596 0.2559 4278255360
1.7234 1.0096 0.2666 4278255360
1.7234 1.0596 0.2633 4278255360
1.7234 1.1096 0.2581 4278255360
1.7234 1.1596 0.2480 4278255360
1.7234 1.2096 0.2543 4278255360
1.7234 1.2596 0.2514 4278255360
1.7234 1.3096 0.2703 4278255360
1.7234 1.3596 0.2501 4278255360
1.7234 1.4096 0.2805 4278255360
1.7234 1.4596 0.2958 4278255360
1.7234 1.5096 0.2961 4278255360
1.7234 1.5596 0.2736 4278255360
1.7234 1.6096 0.2951 4278255360
1.7234 1.6596 0.2739 4278255360
1.7234 1.7096 0.2743 4278255360
1.7234 1.7596 0.2955 4278255360
1.7234 1.8096 0.2920 4278255360
1.7234 1.8596 0.2912 4278255360
1.7234 1.9096 0.2664 4278255360
1.7234 1.9596 0.2903 4278255360
1.7234 2.0096 0.2880 4278255360
1.7734 -0.4404 0.2978 4278255360
1.7734 -0.3904 0.2895 4278255360
1.7734 -0.3404 0.3043 4278255360
1.7734 -0.2904 0.3015 4278255360
1.7734 -0.2404 0.2860 4278255360
1.7734 -0.1904 0.2863 4278255360
1.7734 -0.1404 0.2985 4278255360
1.7734 -0.0904 0.2803 4278255360
1.7734 -0.0404 0.3022 4278255360
1.7734 0.0096 0.2891 4278255360
1.7734 0.0596 0.2955 4278255360
1.7734 0.1096 0.2800 4278255360
1.7734 0.1596 0.2971 4278255360
1.7734 0.2096 0.3070 4278255360
1.7734 0.2596 0.3157 4278255360
1.7734 0.3096 0.3105 4278255360
1.7734 0.3596 0.3111 4278255360
1.7734 0.4096 0.2908 4278255360
1.7734 0.4596 0.3075 4278255360
1.7734 0.5096 0.3152 4278255360
1.7734 0.5596 0.3123 4278255360
1.7734 0.6096 0.2984 4278255360
1.7734 0.6596 0.2912 4278255360
1.7734 0.7096 0.3129 4278255360
1.7734 0.7596 0.3283 4278255360
1.7734 0.8096 0.3185 4278255360
1.7734 0.8596 0.3198 4278255360
1.7734 0.9096 0.2878 4278255360
1.7734 0.9596 0.2851 4278255360
1.7734 1.0096 0.2842 4278255360
1.7734 1.0596 0.3139 4278255360
1.7734 1.1096 0.2999 4278255360
1.7734 1.1596 0.2987 4278255360
1.7734 1.2096 0.2921 4278255360
1.7734 1.2596 0.2865 4278255360
1.7734 1.3096 0.2860 4278255360
1.7734 1.3596 0.2856 4278255360
1.7734 1.4096 0.3245 4278255360
1.7734 1.4596 0.3238 4278255360
1.7734 1.5096 0.3222 4278255360
1.7734 1.5596 0.3197 4278255360
1.7734 1.6096 0.3238 4278255360
1.7734 1.6596 0.3227 4278255360
1.7734 1.7096 0.3178 4278255360
1.7734 1.7596 0.3134 4278255360
1.7734 1.8096 0.3050 4278255360
1.7734 1.8596 0.3120 4278255360
1.7734 1.9096 0.3058 4278255360
1.7734 1.9596 0.3098 4278255360
1.7734 2.0096 0.3090 4278255360
1.8234 -0.4404 0.3416 4278255360
1.8234 -0.3904 0.3112 4278255360
1.8234 -0.3404 0.3305 4278255360
1.8234 -0.2904 0.3369 4278255360
1.8234 -0.2404 0.3479 4278255360
1.8234 -0.1904 0.3594 4278255360
1.8234 -0.1404 0.3381 4278255360
1.8234 -0.0904 0.3180 4278255360
1.8234 -0.0404 0.3374 4278255360
1.8234 0.0096 0.3129 4278255360
1.8234 0.0596 0.3384 4278255360
1.8234 0.1096 0.3310 4278255360
1.8234 0.1596 0.3108 4278255360
1.8234 0.2096 0.3339 4278255360
1.8234 0.2596 0.3042 4278255360
1.8234 0.3096 0.3240 4278255360
1.8234 0.3596 0.3324 4278255360
1.8234 0.4096 0.3417 4278255360
1.8234 0.4596 0.3352 4278255360
1.8234 0.5096 0.3429 4278255360
1.8234 0.5596 0.3227 4278255360
1.8234 0.6096 0.3300 4278255360
1.8234 0.6596 0.3444 4278255360
1.8234 0.7096 0.3336 4278255360
1.8234 0.7596 0.3251 4278255360
1.8234 0.8096 0.3390 4278255360
1.8234 0.8596 0.3321 4278255360
1.8234 0.9096 0.3516 4278255360
1.8234 0.9596 0.3535 4278255360
1.8234 1.0096 0.3566 4278255360
1.8234 1.0596 0.3463 4278255360
1.8234 1.1596 0.3437 4278255360
1.8234 1.2096 0.3378 4278255360
1.8234 1.2596 0.3320 4278255360
1.8234 1.3096 0.3221 4278255360
1.8234 1.3596 0.3180 4278255360
1.8234 1.4096 0.3295 4278255360
1.8234 1.4596 0.3359 4278255360
1.8234 1.5096 0.3379 4278255360
1.8234 1.5596 0.3434 4278255360
1.8234 1.6096 0.3337 4278255360
1.8234 1.6596 0.3307 4278255360
1.8234 1.7096 0.3302 4278255360
1.8234 1.7596 0.3367 4278255360
1.8234 1.8096 0.3298 4278255360
1.8234 1.8596 0.3275 4278255360
1.8234 1.9096 0.3397 4278255360
1.8234 1.9596 0.3438 4278255360
1.8234 2.0096 0.3563 4278255360
1.8734 -0.4404 0.3784 4278255360
1.8734 -0.3904 0.3900 4278255360
1.8734 -0.3404 0.3540 4278255360
1.8734 -0.2904 0.3692 4278255360
1.8734 -0.2404 0.3709 4278255360
1.8734 -0.1904 0.3607 4278255360
1.8734 -0.1404 0.3524 4278255360
1.8734 -0.0904 0.3487 4278255360
1.8734 -0.0404 0.3596 4278255360
1.8734 0.0096 0.3567 4278255360
1.8734 0.0596 0.3780 4278255360
1.8734 0.1096 0.3699 4278255360
1.8734 0.1596 0.3859 4278255360
1.8734 0.2096 0.3494 4278255360
1.8734 0.2596 0.3575 4278255360
1.8734 0.3096 0.3658 4278255360
1.8734 0.3596 0.3557 4278255360
1.8734 0.4096 0.3486 4278255360
1.8734 0.4596 0.3566 4278255360
1.8734 0.5096 0.3654 4278255360
1.8734 0.5596 0.3719 4278255360
1.8734 0.6096 0.3652 4278255360
1.8734 0.6596 0.3641 4278255360
1.8734 0.7096 0.3716 4278255360
1.8734 0.7596 0.3584 4278255360
1.8734 0.8096 0.3713 4278255360
1.8734 0.8596 0.3915 4278255360
1.8734 0.9096 0.3747 4278255360
1.8734 0.9596 0.3629 4278255360
1.8734 1.0096 0.3942 4278255360
1.8734 1.0596 0.3749 4278255360
1.8734 1.1096 0.3870 4278255360
1.8734 1.3096 0.3693 4278255360
1.8734 1.3596 0.3671 4278255360
1.8734 1.4096 0.3750 4278255360
1.8734 1.4596 0.3776 4278255360
1.8734 1.5096 0.3827 4278255360
1.8734 1.5596 0.3556 4278255360
1.8734 1.6096 0.3661 4278255360
1.8734 1.6596 0.3474 4278255360
1.8734 1.7096 0.3533 4278255360
1.8734 1.7596 0.3566 4278255360
1.8734 1.8096 0.3596 4278255360
1.8734 1.8596 0.3560 4278255360
1.8734 1.9096 0.3615 4278255360
1.8734 1.9596 0.3684 4278255360
1.8734 2.0096 0.3824 4278255360
1.9234 -0.4404 0.4099 4278255360
1.9234 -0.3904 0.4283 4278255360
1.9234 -0.3404 0.3820 4278255360
1.9234 -0.2904 0.3868 4278255360
1.9234 -0.2404 0.3779 4278255360
1.9234 -0.1904 0.3929 4278255360
1.9234 -0.1404 0.3875 4278255360
1.9234 -0.0904 0.3837 4278255360
1.9234 -0.0404 0.3892 4278255360
1.9234 0.0096 0.3963 4278255360
1.9234 0.0596 0.4082 4278255360
1.9234 0.1096 0.3890 4278255360
1.9234 0.1596 0.3911 4278255360
1.9234 0.2096 0.3809 4278255360
1.9234 0.2596 0.4019 4278255360
1.9234 0.3096 0.3680 4278255360
1.9234 0.3596 0.3813 4278255360
1.9234 0.4096 0.3899 4278255360
1.9234 0.4596 0.3920 4278255360
1.9234 0.5096 0.3866 4278255360
1.9234 0.5596 0.3953 4278255360
1.9234 0.6096 0.3795 4278255360
1.9234 0.6596 0.3944 4278255360
1.9234 0.7096 0.4016 4278255360
1.9234 0.7596 0.4087 4278255360
1.9234 0.8096 0.4023 4278255360
1.9234 0.8596 0.3840 4278255360
1.9234 0.9096 0.4099 4278255360
1.9234 0.9596 0.3969 4278255360
1.9234 1.0096 0.4091 4278255360
1.9234 1.0596 0.4272 4278255360
1.9234 1.1096 0.4110 4278255360
1.9234 1.1596 0.3975 4278255360
1.9234 1.2096 0.4285 4278255360
1.9234 1.2596 0.4086 4278255360
1.9234 1.3096 0.4193 4278255360
1.9234 1.3596 0.4297 4278255360
1.9234 1.4096 0.4229 4278255360
1.9234 1.4596 0.3944 4278255360
1.9234 1.5096 0.4083 4278255360
1.9234 1.5596 0.3968 4278255360
1.9234 1.6096 0.3831 4278255360
1.9234 1.6596 0.3862 4278255360
1.9234 1.7096 0.3900 4278255360
1.9234 1.7596 0.3873 4278255360
1.9234 1.8096 0.3959 4278255360
1.9234 1.8596 0.4011 4278255360
1.9234 1.9096 0.4119 4278255360
1.9234 1.9596 0.4005 4278255360
1.9234 2.0096 0.4086 4278255360
1.9734 -0.4404 0.4083 4278255360
1.9734 -0.3904 0.4198 4278255360
1.9734 -0.3404 0.4683 4278255360
1.9734 -0.2904 0.4393 4278255360
1.9734 -0.2404 0.4251 4278255360
1.9734 -0.1904 0.4388 4278255360
1.9734 -0.1404 0.4269 4278255360
1.9734 -0.0904 0.4406 4278255360
1.9734 -0.0404 0.4154 4278255360
1.9734 0.0096 0.4048 4278255360
1.9734 0.0596 0.4153 4278255360
1.9734 0.1096 0.4364 4278255360
1.9734 0.1596 0.4329 4278255360
1.9734 0.2096 0.4195 4278255360
1.9734 0.2596 0.4058 4278255360
1.9734 0.3096 0.4214 4278255360
1.9734 0.3596 0.4147 4278255360
1.9734 0.4096 0.4056 4278255360
1.9734 0.4596 0.3973 4278255360
1.9734 0.5096 0.4049 4278255360
1.9734 0.5596 0.4120 4278255360
1.9734 0.6096 0.4261 4278255360
1.9734 0.6596 0.4197 4278255360
1.9734 0.7096 0.4261 4278255360
1.9734 0.7596 0.4405 4278255360
1.9734 0.8096 0.4214 4278255360
1.9734 0.8596 0.4280 4278255360
1.9734 0.9096 0.4337 4278255360
1.9734 0.9596 0.4409 4278255360
1.9734 1.0096 0.4228 4278255360
1.9734 1.0596 0.4466 4278255360
1.9734 1.1096 0.4419 4278255360
1.9734 1.1596 0.4310 4278255360
1.9734 1.2096 0.4427 4278255360
1.9734 1.2596 0.4610 4278255360
1.9734 1.3096 0.4532 4278255360
1.9734 1.3596 0.4567 4278255360
1.9734 1.4096 0.4623 4278255360
1.9734 1.4596 0.4402 4278255360
1.9734 1.5096 0.4500 4278255360
1.9734 1.5596 0.4603 4278255360
1.9734 1.6096 0.4541 4278255360
1.9734 1.6596 0.4643 4278255360
1.9734 1.7096 0.4773 4278255360
1.9734 1.7596 0.4418 4278255360
1.9734 1.8096 0.4312 4278255360
1.9734 1.8596 0.4405 4278255360
1.9734 1.9096 0.4496 4278255360
1.9734 1.9596 0.4564 4278255360
1.9734 2.0096 0.4613 4278255360
2.0234 -0.4404 0.4638 4278255360
2.0234 -0.3904 0.4496 4278255360
2.0234 -0.3404 0.4687 4278255360
2.0234 -0.2904 0.4767 4278255360
2.0234 -0.2404 0.4929 4278255360
2.0234 -0.1904 0.4498 4278255360
2.0234 -0.1404 0.4501 4278255360
2.0234 -0.0904 0.4538 4278255360
2.0234 -0.0404 0.4813 4278255360
2.0234 0.0096 0.4792 4278255360
2.0234 0.0596 0.4407 4278255360
2.0234 0.1096 0.4574 4278255360
2.0234 0.1596 0.4352 4278255360
2.0234 0.2096 0.4446 4278255360
2.0234 0.2596 0.4544 4278255360
2.0234 0.3096 0.4632 4278255360
2.0234 0.3596 0.4402 4278255360
2.0234 0.4096 0.4493 4278255360
2.0234 0.4596 0.4518 4278255360
2.0234 0.5096 0.4598 4278255360
2.0234 0.5596 0.4344 4278255360
2.0234 0.6096 0.4952 4278255360
2.0234 0.6596 0.4625 4278255360
2.0234 0.7096 0.4767 4278255360
2.0234 0.7596 0.4841 4278255360
2.0234 0.8096 0.4799 4278255360
2.0234 0.8596 0.4336 4278255360
2.0234 0.9096 0.4676 4278255360
2.0234 0.9596 0.4475 4278255360
2.0234 1.0096 0.4534 4278255360
2.0234 1.0596 0.4657 4278255360
2.0234 1.1096 0.4516 4278255360
2.0234 1.1596 0.4777 4278255360
2.0234 1.2096 0.4629 4278255360
2.0234 1.2596 0.4718 4278255360
2.0234 1.3096 0.4847 4278255360
2.0234 1.3596 0.4635 4278255360
2.0234 1.4096 0.4740 4278255360
2.0234 1.4596 0.4946 4278255360
2.0234 1.5096 0.4849 4278255360
2.0234 1.5596 0.5054 4278255360
2.0234 1.6096 0.4942 4278255360
2.0234 1.6596 0.4704 4278255360
2.0234 1.7096 0.4808 4278255360
2.0234 1.7596 0.4749 4278255360
2.0234 1.8096 0.4911 4278255360
2.0234 1.8596 0.5016 4278255360
2.0234 1.9096 0.4950 4278255360
2.0234 1.9596 0.4734 4278255360
2.0234 2.0096 0.4751 4278255360
2.0734 -0.4404 0.5100 4278255360
2.0734 -0.3904 0.5184 4278255360
2.0734 -0.3404 0.4891 4278255360
2.0734 -0.2904 0.4959 4278255360
2.0734 -0.2404 0.4829 4278255360
2.0734 -0.1904 0.4961 4278255360
2.0734 -0.1404 0.4930 4278255360
2.0734 -0.0904 0.5002 4278255360
2.0734 -0.0404 0.5076 4278255360
2.0734 0.0096 0.4796 4278255360
2.0734 0.0596 0.4898 4278255360
2.0734 0.1096 0.4996 4278255360
2.0734 0.1596 0.4848 4278255360
2.0734 0.2096 0.5060 4278255360
2.0734 0.2596 0.5065 4278255360
2.0734 0.3096 0.4688 4278255360
2.0734 0.3596 0.4852 4278255360
2.0734 0.4096 0.4891 4278255360
2.0734 0.4596 0.4975 4278255360
2.0734 0.5096 0.4756 4278255360
2.0734 0.5596 0.4834 4278255360
2.0734 0.6096 0.4921 4278255360
2.0734 0.6596 0.5021 4278255360
2.0734 0.7096 0.5145 4278255360
2.0734 0.7596 0.4853 4278255360
2.0734 0.8096 0.4826 4278255360
2.0734 0.8596 0.5057 4278255360
2.0734 0.9096 0.5125 4278255360
2.0734 0.9596 0.4860 4278255360
2.0734 1.0096 0.4864 4278255360
2.0734 1.0596 0.4932 4278255360
2.0734 1.1096 0.4719 4278255360
2.0734 1.1596 0.4839 4278255360
2.0734 1.2096 0.4898 4278255360
2.0734 1.2596 0.4957 4278255360
2.0734 1.3096 0.5079 4278255360
2.0734 1.3596 0.5126 4278255360
2.0734 1.4096 0.4953 4278255360
2.0734 1.4596 0.5060 4278255360
2.0734 1.5096 0.5108 4278255360
2.0734 1.5596 0.4951 4278255360
2.0734 1.6096 0.5245 4278255360
2.0734 1.6596 0.5051 4278255360
2.0734 1.7096 0.5153 4278255360
2.0734 1.7596 0.5384 4278255360
2.0734 1.8096 0.5261 4278255360
2.0734 1.8596 0.5278 4278255360
2.0734 1.9096 0.5331 4278255360
2.0734 1.9596 0.5119 4278255360
2.0734 2.0096 0.5175 4278255360
2.0734 2.0596 0.5229 4278255360
2.0734 2.1096 0.5281 4278255360
2.0734 2.1596 0.5341 4278255360
2.0734 2.2096 0.5336 4278255360
2.1234 -0.4404 0.5247 4278255360
2.1234 -0.3904 0.5193 4278255360
2.1234 -0.3404 0.5283 4278255360
2.1234 -0.2904 0.5140 4278255360
2.1234 -0.2404 0.5344 4278255360
2.1234 -0.1904 0.5420 4278255360
2.1234 -0.1404 0.5097 4278255360
2.1234 -0.0904 0.5222 4278255360
2.1234 -0.0404 0.5389 4278255360
2.1234 0.0096 0.5133 4278255360
2.1234 0.0596 0.5132 4278255360
2.1234 0.1096 0.5221 4278255360
2.1234 0.1596 0.5300 4278255360
2.1234 0.2096 0.5009 4278255360
2.1234 0.2596 0.5222 4278255360
2.1234 0.3096 0.5345 4278255360
2.1234 0.3596 0.5321 4278255360
2.1234 0.4096 0.5072 4278255360
2.1234 0.4596 0.5099 4278255360
2.1234 0.5096 0.5057 4278255360
2.1234 0.5596 0.5150 4278255360
2.1234 0.6096 0.5231 4278255360
2.1234 0.6596 0.5085 4278255360
2.1234 0.7096 0.5154 4278255360
2.1234 0.7596 0.5239 4278255360
2.1234 0.8096 0.5216 4278255360
2.1234 0.8596 0.5636 4278255360
2.1234 0.9096 0.4958 4278255360
2.1234 0.9596 0.5076 4278255360
2.1234 1.0096 0.5328 4278255360
2.1234 1.0596 0.5444 4278255360
2.1234 1.1096 0.5100 4278255360
2.1234 1.1596 0.5166 4278255360
2.1234 1.2096 0.5220 4278255360
2.1234 1.2596 0.5307 4278255360
2.1234 1.3096 0.5371 4278255360
2.1234 1.3596 0.5483 4278255360
2.1234 1.4096 0.5188 4278255360
2.1234 1.4596 0.5308 4278255360
2.1234 1.5096 0.5368 4278255360
2.1234 1.5596 0.5432 4278255360
2.1234 1.6096 0.5540 4278255360
2.1234 1.6596 0.5322 4278255360
2.1234 1.7096 0.5383 4278255360
2.1234 1.7596 0.5477 4278255360
2.1234 1.8096 0.5539 4278255360
2.1234 1.8596 0.5369 4278255360
2.1234 1.9096 0.5419 4278255360
2.1234 1.9596 0.5466 4278255360
2.1234 2.0096 0.5521 4278255360
2.1234 2.0596 0.5570 4278255360
2.1234 2.1096 0.5625 4278255360
2.1234 2.1596 0.5693 4278255360
2.1234 2.2096 0.5458 4278255360
2.1234 2.2596 0.5513 4278255360
2.1234 2.3096 0.5571 4278255360
2.1234 2.3596 0.5503 4278255360
2.1234 2.4096 0.5637 4278255360
2.1234 2.4596 0.5697 4278255360
2.1234 2.5096 0.5760 4278255360
2.1234 2.5596 0.5757 4278255360
2.1734 -0.4404 0.5492 4278255360
2.1734 -0.3904 0.5599 4278255360
2.1734 -0.3404 0.5773 4278255360
2.1734 -0.2904 0.5557 4278255360
2.1734 -0.2404 0.5648 4278255360
2.1734 -0.1904 0.5769 4278255360
2.1734 -0.1404 0.5536 4278255360
2.1734 -0.0904 0.5766 4278255360
2.1734 -0.0404 0.5570 4278255360
2.1734 0.0096 0.5700 4278255360
2.1734 0.0596 0.5640 4278255360
2.1734 0.1096 0.5550 4278255360
2.1734 0.1596 0.5524 4278255360
2.1734 0.2096 0.5594 4278255360
2.1734 0.2596 0.5738 4278255360
2.1734 0.3096 0.5323 4278255360
2.1734 0.3596 0.5445 4278255360
2.1734 0.4096 0.5416 4278255360
2.1734 0.4596 0.5565 4278255360
2.1734 0.5096 0.5498 4278255360
2.1734 0.5596 0.5578 4278255360
2.1734 0.6096 0.5312 4278255360
2.1734 0.6596 0.5391 4278255360
2.1734 0.7096 0.5471 4278255360
2.1734 0.7596 0.5549 4278255360
2.1734 0.8096 0.5399 4278255360
2.1734 0.8596 0.5473 4278255360
2.1734 0.9096 0.5624 4278255360
2.1734 0.9596 0.5572 4278255360
2.1734 1.0096 0.5625 4278255360
2.1734 1.0596 0.5531 4278255360
2.1734 1.1096 0.5511 4278255360
2.1734 1.1596 0.5572 4278255360
2.1734 1.2096 0.5693 4278255360
2.1734 1.2596 0.5755 4278255360
2.1734 1.3096 0.5813 4278255360
2.1734 1.3596 0.5869 4278255360
2.1734 1.4096 0.5773 4278255360
2.1734 1.4596 0.5815 4278255360
2.1734 1.5096 0.5729 4278255360
2.1734 1.5596 0.5794 4278255360
2.1734 1.6096 0.5849 4278255360
2.1734 1.6596 0.5606 4278255360
2.1734 1.7096 0.5662 4278255360
2.1734 1.7596 0.5715 4278255360
2.1734 1.8096 0.5789 4278255360
2.1734 1.8596 0.5592 4278255360
2.1734 1.9096 0.5645 4278255360
2.1734 1.9596 0.5751 4278255360
2.1734 2.0096 0.5819 4278255360
2.1734 2.0596 0.5577 4278255360
2.1734 2.1096 0.5636 4278255360
2.1734 2.1596 0.5687 4278255360
2.1734 2.2096 0.5747 4278255360
2.1734 2.2596 0.5796 4278255360
2.1734 2.3096 0.5860 4278255360
2.1734 2.3596 0.5916 4278255360
2.1734 2.4096 0.6015 4278255360
2.1734 2.4596 0.6075 4278255360
2.1734 2.5596 0.5824 4278255360
2.1734 2.6096 0.5895 4278255360
2.1734 2.6596 0.5968 4278255360
2.1734 2.7096 0.5892 4278255360
2.1734 2.7596 0.6036 4278255360
2.1734 2.8096 0.6112 4278255360
2.1734 2.8596 0.6150 4278255360
2.1734 2.9096 0.6113 4278255360
2.1734 2.9596 0.6221 4278255360
2.2234 -0.4404 0.5822 4278255360
2.2234 -0.3904 0.5939 4278255360
2.2234 -0.3404 0.6064 4278255360
2.2234 -0.2904 0.5905 4278255360
2.2234 -0.2404 0.5856 4278255360
2.2234 -0.1904 0.5999 4278255360
2.2234 -0.1404 0.5881 4278255360
2.2234 -0.0904 0.5836 4278255360
2.2234 -0.0404 0.5784 4278255360
2.2234 0.0096 0.5872 4278255360
2.2234 0.0596 0.5950 4278255360
2.2234 0.1096 0.5892 4278255360
2.2234 0.1596 0.5916 4278255360
2.2234 0.2096 0.5812 4278255360
2.2234 0.2596 0.5968 4278255360
2.2234 0.3096 0.6026 4278255360
2.2234 0.3596 0.5885 4278255360
2.2234 0.4096 0.6374 4278255360
2.2234 0.4596 0.5729 4278255360
2.2234 0.5096 0.5691 4278255360
2.2234 0.5596 0.5868 4278255360
2.2234 0.6096 0.5954 4278255360
2.2234 0.6596 0.5915 4278255360
2.2234 0.7096 0.5628 4278255360
2.2234 0.7596 0.5628 4278255360
2.2234 0.8096 0.5706 4278255360
2.2234 0.8596 0.5784 4278255360
2.2234 0.9096 0.5859 4278255360
2.2234 0.9596 0.5938 4278255360
2.2234 1.0096 0.5758 4278255360
2.2234 1.0596 0.5903 4278255360
2.2234 1.1096 0.5993 4278255360
2.2234 1.1596 0.6063 4278255360
2.2234 1.2096 0.6135 4278255360
2.2234 1.2596 0.6006 4278255360
2.2234 1.3096 0.6063 4278255360
2.2234 1.3596 0.5936 4278255360
2.2234 1.4096 0.5990 4278255360
2.2234 1.4596 0.6042 4278255360
2.2234 1.5096 0.6162 4278255360
2.2234 1.5596 0.6344 4278255360
2.2234 1.6096 0.5920 4278255360
2.2234 1.6596 0.5976 4278255360
2.2234 1.7096 0.6030 4278255360
2.2234 1.7596 0.6093 4278255360
2.2234 1.8096 0.6154 4278255360
2.2234 1.8596 0.5919 4278255360
2.2234 1.9096 0.5978 4278255360
2.2234 1.9596 0.6046 4278255360
2.2234 2.0096 0.6105 4278255360
2.2234 2.0596 0.6176 4278255360
2.2234 2.1096 0.5925 4278255360
2.2234 2.1596 0.5980 4278255360
2.2234 2.2096 0.6045 4278255360
2.2234 2.2596 0.6109 4278255360
2.2234 2.3096 0.6167 4278255360
2.2234 2.3596 0.6231 4278255360
2.2234 2.4096 0.5979 4278255360
2.2234 2.4596 0.6037 4278255360
2.2234 2.5096 0.6097 4278255360
2.2234 2.5596 0.6159 4278255360
2.2234 2.6096 0.6229 4278255360
2.2234 2.6596 0.6287 4278255360
2.2234 2.7096 0.6381 4278255360
2.2234 2.8096 0.6458 4278255360
2.2234 2.8596 0.6187 4278255360
2.2234 2.9596 0.6263 4278255360
2.2234 3.0096 0.6301 4278255360
2.2234 3.0596 0.6347 4278255360
2.2234 3.1096 0.6431 4278255360
2.2234 3.2096 0.6522 4278255360
2.2234 3.2596 0.6553 4278255360
2.2234 3.3096 0.6524 4278255360
2.2234 3.3596 0.6643 4278255360
2.2234 3.4096 0.6612 4278255360
2.2234 3.4596 0.6740 4278255360
2.2734 -0.4404 0.6380 4278255360
2.2734 -0.3904 0.6441 4278255360
2.2734 -0.3404 0.6439 4278255360
2.2734 -0.2904 0.6320 4278255360
2.2734 -0.2404 0.6296 4278255360
2.2734 -0.1904 0.6317 4278255360
2.2734 -0.1404 0.6291 4278255360
2.2734 -0.0904 0.6115 4278255360
2.2734 -0.0404 0.6219 4278255360
2.2734 0.0096 0.6337 4278255360
2.2734 0.0596 0.6356 4278255360
2.2734 0.1096 0.6484 4278255360
2.2734 0.1596 0.6145 4278255360
2.2734 0.2096 0.6297 4278255360
2.2734 0.2596 0.6280 4278255360
2.2734 0.3096 0.6163 4278255360
2.2734 0.3596 0.6242 4278255360
2.2734 0.4096 0.6233 4278255360
2.2734 0.4596 0.6204 4278255360
2.2734 0.5096 0.6285 4278255360
2.2734 0.5596 0.6384 4278255360
2.2734 0.6096 0.6216 4278255360
2.2734 0.6596 0.6339 4278255360
2.2734 0.7096 0.6024 4278255360
2.2734 0.7596 0.6147 4278255360
2.2734 0.8096 0.6136 4278255360
2.2734 0.8596 0.6044 4278255360
2.2734 0.9096 0.6267 4278255360
2.2734 0.9596 0.6015 4278255360
2.2734 1.0096 0.6091 4278255360
2.2734 1.0596 0.6329 4278255360
2.2734 1.1096 0.6247 4278255360
2.2734 1.1596 0.6115 4278255360
2.2734 1.2096 0.6181 4278255360
2.2734 1.2596 0.6284 4278255360
2.2734 1.3096 0.6355 4278255360
2.2734 1.3596 0.6427 4278255360
2.2734 1.4096 0.6214 4278255360
2.2734 1.4596 0.6282 4278255360
2.2734 1.5096 0.6377 4278255360
2.2734 1.5596 0.6426 4278255360
2.2734 1.6096 0.6280 4278255360
2.2734 1.6596 0.6391 4278255360
2.2734 1.7096 0.6442 4278255360
2.2734 1.7596 0.6508 4278255360
2.2734 1.8096 0.6548 4278255360
2.2734 1.8596 0.6329 4278255360
2.2734 1.9096 0.6531 4278255360
2.2734 1.9596 0.6400 4278255360
2.2734 2.0096 0.6463 4278255360
2.2734 2.0596 0.6527 4278255360
2.2734 2.1096 0.6242 4278255360
2.2734 2.1596 0.6304 4278255360
2.2734 2.2096 0.6375 4278255360
2.2734 2.2596 0.6451 4278255360
2.2734 2.3096 0.6520 4278255360
2.2734 2.3596 0.6637 4278255360
2.2734 2.4096 0.6299 4278255360
2.2734 2.4596 0.6480 4278255360
2.2734 2.5096 0.6358 4278255360
2.2734 2.5596 0.6423 4278255360
2.2734 2.6096 0.6490 4278255360
2.2734 2.6596 0.6566 4278255360
2.2734 2.7096 0.6624 4278255360
2.2734 2.7596 0.6358 4278255360
2.2734 2.8096 0.6421 4278255360
2.2734 2.8596 0.6491 4278255360
2.2734 2.9596 0.6562 4278255360
2.2734 3.0096 0.6644 4278255360
2.2734 3.1096 0.6722 4278255360
2.2734 3.2096 0.6904 4278255360
2.2734 3.2596 0.7004 4278255360
2.2734 3.3096 0.6609 4278255360
2.2734 3.4096 0.6711 4278255360
2.2734 3.5096 0.6810 4278255360
2.3234 -0.4404 0.6447 4278255360
2.3234 -0.3904 0.6650 4278255360
2.3234 -0.3404 0.6708 4278255360
2.3234 -0.2904 0.6492 4278255360
2.3234 -0.2404 0.6557 4278255360
2.3234 -0.1904 0.6579 4278255360
2.3234 -0.1404 0.6734 4278255360
2.3234 -0.0904 0.6438 4278255360
2.3234 -0.0404 0.6592 4278255360
2.3234 0.0096 0.6705 4278255360
2.3234 0.0596 0.6562 4278255360
2.3234 0.1096 0.6650 4278255360
2.3234 0.1596 0.6621 4278255360
2.3234 0.2096 0.6870 4278255360
2.3234 0.2596 0.6446 4278255360
2.3234 0.3096 0.6511 4278255360
2.3234 0.3596 0.6442 4278255360
2.3234 0.4096 0.6517 4278255360
2.3234 0.4596 0.6331 4278255360
2.3234 0.5096 0.6421 4278255360
2.3234 0.5596 0.6639 4278255360
2.3234 0.6096 0.6615 4278255360
2.3234 0.6596 0.6677 4278255360
2.3234 0.7096 0.6347 4278255360
2.3234 0.7596 0.6412 4278255360
2.3234 0.8096 0.6485 4278255360
2.3234 0.8596 0.6547 4278255360
2.3234 0.9096 0.6402 4278255360
2.3234 0.9596 0.6494 4278255360
2.3234 1.0096 0.6434 4278255360
2.3234 1.0596 0.6491 4278255360
2.3234 1.1096 0.6310 4278255360
2.3234 1.1596 0.6714 4278255360
2.3234 1.2096 0.6468 4278255360
2.3234 1.2596 0.6624 4278255360
2.3234 1.3096 0.6392 4278255360
2.3234 1.3596 0.6505 4278255360
2.3234 1.4096 0.6572 4278255360
2.3234 1.4596 0.6640 4278255360
2.3234 1.5096 0.6710 4278255360
2.3234 1.5596 0.6863 4278255360
2.3234 1.6096 0.6633 4278255360
2.3234 1.6596 0.6686 4278255360
2.3234 1.7096 0.6628 4278255360
2.3234 1.7596 0.6639 4278255360
2.3234 1.8096 0.6764 4278255360
2.3234 1.8596 0.6613 4278255360
2.3234 1.9096 0.6721 4278255360
2.3234 1.9596 0.6779 4278255360
2.3234 2.0096 0.6850 4278255360
2.3234 2.0596 0.6890 4278255360
2.3234 2.1096 0.6957 4278255360
2.3234 2.1596 0.6660 4278255360
2.3234 2.2096 0.6721 4278255360
2.3234 2.2596 0.6849 4278255360
2.3234 2.3096 0.6874 4278255360
2.3234 2.3596 0.6604 4278255360
2.3234 2.4096 0.6680 4278255360
2.3234 2.4596 0.6760 4278255360
2.3234 2.5096 0.6846 4278255360
2.3234 2.5596 0.6988 4278255360
2.3234 2.6096 0.6920 4278255360
2.3234 2.6596 0.6940 4278255360
2.3234 2.7096 0.7006 4278255360
2.3234 2.7596 0.6934 4278255360
2.3234 2.8096 0.6705 4278255360
2.3234 2.8596 0.6776 4278255360
2.3234 2.9596 0.6867 4278255360
2.3234 3.0096 0.6943 4278255360
2.3234 3.1096 0.7027 4278255360
2.3234 3.2096 0.6801 4278255360
2.3234 3.2596 0.6880 4278255360
2.3234 3.3096 0.7364 4278255360
2.3234 3.3596 0.6974 4278255360
2.3234 3.4596 0.7056 4278255360
2.3734 -0.4404 0.6738 4278255360
2.3734 -0.3904 0.6971 4278255360
2.3734 -0.3404 0.6923 4278255360
2.3734 -0.2904 0.7028 4278255360
2.3734 -0.2404 0.6842 4278255360
2.3734 -0.1904 0.6971 4278255360
2.3734 -0.1404 0.6810 4278255360
2.3734 -0.0904 0.7102 4278255360
2.3734 -0.0404 0.6926 4278255360
2.3734 0.0096 0.6835 4278255360
2.3734 0.0596 0.6770 4278255360
2.3734 0.1096 0.6824 4278255360
2.3734 0.1596 0.6885 4278255360
2.3734 0.2096 0.6893 4278255360
2.3734 0.2596 0.7001 4278255360
2.3734 0.3096 0.6763 4278255360
2.3734 0.3596 0.6685 4278255360
2.3734 0.4096 0.6833 4278255360
2.3734 0.4596 0.6600 4278255360
2.3734 0.5096 0.6683 4278255360
2.3734 0.5596 0.6752 4278255360
2.3734 0.6096 0.6832 4278255360
2.3734 0.6596 0.6798 4278255360
2.3734 0.7096 0.6820 4278255360
2.3734 0.7596 0.6596 4278255360
2.3734 0.8096 0.6681 4278255360
2.3734 0.8596 0.6864 4278255360
2.3734 0.9096 0.6685 4278255360
2.3734 0.9596 0.6798 4278255360
2.3734 1.0096 0.6725 4278255360
2.3734 1.0596 0.6891 4278255360
2.3734 1.1096 0.6606 4278255360
2.3734 1.1596 0.6681 4278255360
2.3734 1.2096 0.6710 4278255360
2.3734 1.2596 0.6816 4278255360
2.3734 1.3096 0.6992 4278255360
2.3734 1.3596 0.6782 4278255360
2.3734 1.4096 0.6671 4278255360
2.3734 1.4596 0.6906 4278255360
2.3734 1.5096 0.6791 4278255360
2.3734 1.5596 0.7247 4278255360
2.3734 1.6096 0.6931 4278255360
2.3734 1.6596 0.7012 4278255360
2.3734 1.7096 0.7100 4278255360
2.3734 1.7596 0.7159 4278255360
2.3734 1.8096 0.7394 4278255360
2.3734 1.8596 0.6974 4278255360
2.3734 1.9096 0.7027 4278255360
2.3734 1.9596 0.7138 4278255360
2.3734 2.0096 0.6995 4278255360
2.3734 2.0596 0.7072 4278255360
2.3734 2.1096 0.7009 4278255360
2.3734 2.1596 0.7020 4278255360
2.3734 2.2096 0.7075 4278255360
2.3734 2.2596 0.7133 4278255360
2.3734 2.3096 0.7202 4278255360
2.3734 2.3596 0.7262 4278255360
2.3734 2.4096 0.7322 4278255360
2.3734 2.4596 0.7407 4278255360
2.3734 2.5096 0.7085 4278255360
2.3734 2.5596 0.7168 4278255360
2.3734 2.6096 0.7247 4278255360
2.3734 2.6596 0.7021 4278255360
2.3734 2.7096 0.7096 4278255360
2.3734 2.7596 0.7290 4278255360
2.3734 2.8096 0.7200 4278255360
2.3734 2.8596 0.7294 4278255360
2.3734 2.9096 0.7134 4278255360
2.3734 2.9596 0.7218 4278255360
2.3734 3.0096 0.7282 4278255360
2.3734 3.0596 0.7345 4278255360
2.3734 3.1096 0.7360 4278255360
2.3734 3.1596 0.7428 4278255360
2.3734 3.2096 0.7112 4278255360
2.3734 3.2596 0.7186 4278255360
2.3734 3.3596 0.7283 4278255360
2.3734 3.4096 0.7487 4278255360
2.3734 3.4596 0.7377 4278255360
2.3734 3.5096 0.7612 4278255360
2.4234 -0.4404 0.7495 4278255360
2.4234 -0.3904 0.7552 4278255360
2.4234 -0.3404 0.7336 4278255360
2.4234 -0.2904 0.7596 4278255360
2.4234 -0.2404 0.7644 4278255360
2.4234 -0.1904 0.7248 4278255360
2.4234 -0.1404 0.7147 4278255360
2.4234 -0.0904 0.7211 4278255360
2.4234 -0.0404 0.7356 4278255360
2.4234 0.0096 0.7259 4278255360
2.4234 0.0596 0.7320 4278255360
2.4234 0.1096 0.7379 4278255360
2.4234 0.1596 0.7445 4278255360
2.4234 0.2096 0.7109 4278255360
2.4234 0.2596 0.7213 4278255360
2.4234 0.3096 0.7305 4278255360
2.4234 0.3596 0.7407 4278255360
2.4234 0.4096 0.7337 4278255360
2.4234 0.4596 0.7171 4278255360
2.4234 0.5096 0.7221 4278255360
2.4234 0.5596 0.7291 4278255360
2.4234 0.6096 0.7349 4278255360
2.4234 0.6596 0.7233 4278255360
2.4234 0.7096 0.7257 4278255360
2.4234 0.7596 0.7085 4278255360
2.4234 0.8096 0.7066 4278255360
2.4234 0.8596 0.7142 4278255360
2.4234 0.9096 0.7161 4278255360
2.4234 0.9596 0.7244 4278255360
2.4234 1.0096 0.7127 4278255360
2.4234 1.0596 0.7193 4278255360
2.4234 1.1096 0.7463 4278255360
2.4234 1.1596 0.7549 4278255360
2.4234 1.2096 0.7157 4278255360
2.4234 1.2596 0.7158 4278255360
2.4234 1.3096 0.7304 4278255360
2.4234 1.3596 0.7077 4278255360
2.4234 1.4096 0.7152 4278255360
2.4234 1.4596 0.7400 4278255360
2.4234 1.5096 0.7457 4278255360
2.4234 1.5596 0.7177 4278255360
2.4234 1.6096 0.7329 4278255360
2.4234 1.6596 0.7493 4278255360
2.4234 1.7096 0.7402 4278255360
2.4234 1.7596 0.7140 4278255360
2.4234 1.8096 0.7237 4278255360
2.4234 1.8596 0.7392 4278255360
2.4234 1.9096 0.7472 4278255360
2.4234 1.9596 0.7559 4278255360
2.4234 2.0096 0.7662 4278255360
2.4234 2.0596 0.7261 4278255360
2.4234 2.1096 0.7320 4278255360
2.4234 2.1596 0.7376 4278255360
2.4234 2.2096 0.7305 4278255360
2.4234 2.2596 0.7384 4278255360
2.4234 2.3096 0.7479 4278255360
2.4234 2.3596 0.7637 4278255360
2.4234 2.4096 0.7337 4278255360
2.4234 2.4596 0.7391 4278255360
2.4234 2.5096 0.7382 4278255360
2.4234 2.5596 0.7457 4278255360
2.4234 2.6096 0.7528 4278255360
2.4234 2.6596 0.7606 4278255360
2.4234 2.7096 0.7619 4278255360
2.4234 2.7596 0.7667 4278255360
2.4234 2.8096 0.7494 4278255360
2.4234 2.8596 0.7407 4278255360
2.4234 2.9096 0.7582 4278255360
2.4234 2.9596 0.7391 4278255360
2.4234 3.0096 0.7654 4278255360
2.4234 3.0596 0.7502 4278255360
2.4234 3.1096 0.7600 4278255360
2.4234 3.1596 0.7587 4278255360
2.4234 3.2096 0.7705 4278255360
2.4234 3.2596 0.7597 4278255360
2.4234 3.3096 0.7878 4278255360
2.4234 3.3596 0.7599 4278255360
2.4234 3.4096 0.7974 4278255360
2.4234 3.4596 0.7663 4278255360
2.4734 -0.4404 0.7568 4278255360
2.4734 -0.3904 0.7495 4278255360
2.4734 -0.3404 0.7617 4278255360
2.4734 -0.2904 0.7642 4278255360
2.4734 -0.2404 0.7768 4278255360
2.4734 -0.1904 0.7609 4278255360
2.4734 -0.1404 0.7431 4278255360
2.4734 -0.0904 0.7734 4278255360
2.4734 -0.0404 0.7785 4278255360
2.4734 0.0096 0.7482 4278255360
2.4734 0.0596 0.7832 4278255360
2.4734 0.1096 0.7868 4278255360
2.4734 0.1596 0.7909 4278255360
2.4734 0.2096 0.7959 4278255360
2.4734 0.2596 0.7509 4278255360
2.4734 0.3096 0.7572 4278255360
2.4734 0.3596 0.7633 4278255360
2.4734 0.4096 0.7507 4278255360
2.4734 0.4596 0.7769 4278255360
2.4734 0.5096 0.7718 4278255360
2.4734 0.5596 0.7584 4278255360
2.4734 0.6096 0.7363 4278255360
2.4734 0.6596 0.7418 4278255360
2.4734 0.7096 0.7478 4278255360
2.4734 0.7596 0.7544 4278255360
2.4734 0.8096 0.7613 4278255360
2.4734 0.8596 0.7281 4278255360
2.4734 0.9096 0.7367 4278255360
2.4734 0.9596 0.7465 4278255360
2.4734 1.0096 0.7619 4278255360
2.4734 1.0596 0.7398 4278255360
2.4734 1.1096 0.7894 4278255360
2.4734 1.1596 0.7568 4278255360
2.4734 1.2096 0.7653 4278255360
2.4734 1.2596 0.7712 4278255360
2.4734 1.3096 0.7800 4278255360
2.4734 1.3596 0.7872 4278255360
2.4734 1.4096 0.7456 4278255360
2.4734 1.4596 0.7619 4278255360
2.4734 1.5096 0.7690 4278255360
2.4734 1.5596 0.7527 4278255360
2.4734 1.6096 0.7607 4278255360
2.4734 1.6596 0.7670 4278255360
2.4734 1.7096 0.7710 4278255360
2.4734 1.7596 0.7776 4278255360
2.4734 1.8096 0.7821 4278255360
2.4734 1.8596 0.7871 4278255360
2.4734 1.9096 0.7868 4278255360
2.4734 1.9596 0.7985 4278255360
2.4734 2.0096 0.7637 4278255360
2.4734 2.0596 0.7712 4278255360
2.4734 2.1096 0.7808 4278255360
2.4734 2.1596 0.7888 4278255360
2.4734 2.2096 0.7969 4278255360
2.4734 2.2596 0.8008 4278255360
2.4734 2.3096 0.8088 4278255360
2.4734 2.3596 0.7728 4278255360
2.4734 2.4096 0.7627 4278255360
2.4734 2.4596 0.7650 4278255360
2.4734 2.5096 0.7746 4278255360
2.4734 2.5596 0.7850 4278255360
2.4734 2.6096 0.8011 4278255360
2.4734 2.6596 0.8108 4278255360
2.4734 2.7096 0.7864 4278255360
2.4734 2.7596 0.7768 4278255360
2.4734 2.8096 0.7744 4278255360
2.4734 2.8596 0.7812 4278255360
2.4734 2.9096 0.7798 4278255360
2.4734 2.9596 0.7885 4278255360
2.4734 3.0096 0.7956 4278255360
2.4734 3.0596 0.7910 4278255360
2.4734 3.1096 0.8034 4278255360
2.4734 3.1596 0.8107 4278255360
2.4734 3.2096 0.8036 4278255360
2.4734 3.2596 0.8175 4278255360
2.4734 3.3096 0.7839 4278255360
2.4734 3.3596 0.8177 4278255360
2.4734 3.4096 0.7949 4278255360
2.4734 3.4596 0.8239 4278255360
2.4734 3.5096 0.8094 4278255360
